day_name,date,vessel,total_tonnage,extra_men,price,total_price,remarks
Fri,2025-01-03,ARTZA,265.94,43,0.8,9148.336,Extramen Brine (16) + Net (8) + Cargo (12) + Hook/Unhook (2) + Winchmen (2) + Pont (2) + Gangway (1)
Sat,2025-01-04,ATERPE ALAI,215.93,10,0.8,1727.44,Extramen Sorting (10)
Sat,2025-01-04,ARTZA,161.17,43,0.8,5544.248,Extramen Brine (16) + Net (8) + Cargo (12) + Hook/Unhook (2) + Winchmen (2) + Pont (2) + Gangway (1)
Sun,2025-01-05,ARTZA,218.99,43,1.2,11299.884,Extramen Brine (16) + Net (8) + Cargo (12) + Hook/Unhook (2) + Winchmen (2) + Pont (2) + Gangway (1)
Mon,2025-01-06,DOLOMIEU,127.58,16,0.8,1633.024,Extramen Sorting (6) + -40 (10)
Mon,2025-01-06,ARTZA,255.37,43,0.8,8784.728,Extramen Brine (16) + Net (8) + Cargo (12) + Hook/Unhook (2) + Winchmen (2) + Pont (2) + Gangway (1)
Tue,2025-01-07,DOLOMIEU,71.123,check,0.8,910.374,Extramen Brine (16)
Wed,2025-01-08,ALAKRANA,123.94,16,0.8,1586.432,Extramen Sorting (6) + -40 (10)
Thu,2025-01-09,ADAMAS,68.34,20,0.8,1093.44,Extramen Sorting (12) + Fond Cuve (8)
Mon,2025-01-13,FRANCHE TERRE,128.76,27,0.8,2781.216,Extramen Sorting (6) + Cargo (8) + -40 (10) + Gangway (1) + Hook/Unhook (2)
Tue,2025-01-14,FRANCHE TERRE,110.89,27,0.8,2395.224,Extramen Sorting (6) + Cargo (8) + -40 (10) + Gangway (1) + Hook/Unhook (2)
Tue,2025-01-14,EUSKADI ALAI,263.9,32,0.8,6755.84,Extramen Sorting (12) + Cargo (16) + Gangway (2) + Winchmen (2)
Wed,2025-01-15,EUSKADI ALAI,104.25,32,0.8,2668.8,Extramen Sorting (12) + Cargo (16) + Gangway (2) + Winchmen (2)
Wed,2025-01-15,FRANCHE TERRE,162.49,43,0.8,5589.656,Extramen Sorting (8) + Cargo (8) + -40 (26) + Gangway (1)
Thu,2025-01-16,FRANCHE TERRE,120.159,43,0.8,4133.47,Extramen Sorting (8) + Cargo (8) + -40 (26) + Gangway (1)
Fri,2025-01-17,FRANCHE TERRE,73.26,37,0.8,2168.496,Extramen Sorting (8) + Cargo (8) + -40 (19) + Gangway (1)
Fri,2025-01-17,TXORI BERRI,156.839,14,0.8,1756.597,Extramen Brine (14)
Sat,2025-01-18,TXORI BERRI,214.637,14,0.8,2403.934,Extramen Brine (14)
Sun,2025-01-19,IZURDIA,284.04,21,1.2,7157.808,Extramen Sorting (12) + Cargo (8) + Gangway (1)
Mon,2025-01-20,IZURDIA,262.96,25,0.8,5259.2,Extramen Sorting (12) + Cargo (8) + Gangway (1) + Brine (4)
Mon,2025-01-20,BERNICA,214.76,21,0.8,3607.968,Extramen Sorting (12) + Cargo (8) + Gangway (1)
Tue,2025-01-21,BERNICA,135.51,27,0.8,2927.016,Extramen Sorting (12) + Brine (6) + -40 (9)
Tue,2025-01-21,IZURDIA,188.99,21,0.8,3175.032,Extramen Sorting (12) + Cargo (8) + Gangway (1)
Wed,2025-01-22,IZURDIA,239.92,8,0.8,1535.488,Extramen Sorting (8)
Wed,2025-01-22,BERNICA,147.79,29,0.8,3428.728,Extramen Sorting (11) + Cargo (8) + -40 (9) + Gangway (1)
Wed,2025-01-22,ELAI ALAI,182.57,10,0.8,1460.56,Extramen Brine (10)
Thu,2025-01-23,BERNICA,122.87,35,0.8,3440.36,Extramen Sorting (11) + Cargo (8) + -40 (15) + Gangway (1)
Thu,2025-01-23,ELAI ALAI,189.7,16,0.8,2428.16,Extramen Brine (16)
Thu,2025-01-23,IZURDIA,327.78,8,0.8,2097.792,
Fri,2025-01-24,DONIENE,146.67,17,0.8,1994.712,Extramen Sorting (8) + Cargo (8) + Gangway (1)
Fri,2025-01-24,ELAI ALAI,158.915,23,0.8,2924.036,Extramen Brine (16) + Cargo (6) + Gangway (1)
Fri,2025-01-24,JAI ALAI,184.34,check,0.8,1769.664,Extramen Sorting (12)
Fri,2025-01-24,TXORI AUNDI,126.324,8,0.8,808.474,Extramen Brine (8)
Fri,2025-01-24,ALBACAN,136.37,check,0.8,4691.128,Extramen Well Support (11) + Fond Cuve (8) + Cargo (8) + Brine (16)
Fri,2025-01-24,BERNICA,100.19,18,0.8,1442.736,Extramen Sorting (8) + Cargo (8) + -40 (2)
Sat,2025-01-25,DONIENE,213.44,14,0.8,2390.528,Extramen Sorting (12) + Net (2)
Sat,2025-01-25,TXORI AUNDI,159.239,18,0.8,2293.042,Extramen Brine (16) + Net (2)
Sat,2025-01-25,JAI ALAI,180.103,12,0.8,1728.989,Extramen Sorting (12)
Sat,2025-01-25,ELAI ALAI,171.14,25,0.8,3422.8,Extramen Brine (16) + Cargo (8) + Gangway (1)
Sun,2025-01-26,DONIENE,180.71,14,1.2,3035.928,Extramen Sorting (12) + Net (2)
Sun,2025-01-26,TXORI AUNDI,143.479,18,1.2,3099.146,Extramen Brine (16) + Net (2)
Sun,2025-01-26,JAI ALAI,174.586,12,1.2,2514.038,Extramen Sorting (12)
Mon,2025-01-27,JAI ALAI,137.03,check,0.8,1315.488,Extramen Sorting (12)
Mon,2025-01-27,TXORI AUNDI,121.09,18,0.8,1743.696,Extramen Brine (16) + Net (2)
Mon,2025-01-27,TXORI ZURI,255.924,10,0.8,2047.392,Extramen Sorting (10)
Tue,2025-01-28,IZARO,260.37,12,0.8,2499.552,Extramen Sorting (12)
Tue,2025-01-28,TXORI ZURI,288.9,12,0.8,2773.44,Extramen Sorting (12)
Tue,2025-01-28,TXORI AUNDI,156.719,18,0.8,2256.754,Extramen Brine (16) + Net (2)
Wed,2025-01-29,IZARO,270.157,25,0.8,5403.14,Extramen Sorting (12) + Cargo (12) + Gangway (1)
Wed,2025-01-29,PLAYA DE AZKORRI,232.46,16,0.8,2975.488,Extramen Brine (16)
Thu,2025-01-30,PLAYA DE AZKORRI,272.07,16,0.8,3482.496,Extramen Brine (16)
Thu,2025-01-30,IZARO,251.828,25,0.8,5036.56,Extramen Sorting (12) + Cargo (12) + Gangway (1)
Fri,2025-01-31,PLAYA DE AZKORRI,271.44,16,0.8,3474.432,Extramen Brine (16)
Wed,2025-02-05,ARTZA,291.96,16,0.8,3737.088,Extramen Brine (16)
Wed,2025-02-05,ATERPE ALAI,189.196,4,0.8,605.427,Extramen Sorting (4)
Thu,2025-02-06,ARTZA,155.88,16,0.8,1995.264,Extramen Brine (16)
Thu,2025-02-06,ATERPE ALAI,248.786,10,0.8,1990.288,Extramen Sorting (10)
Thu,2025-02-06,GALERNA LAU,281.357,24,0.8,5402.054,Extramen Sorting (16) + Fond Cuve (8)
Fri,2025-02-07,ATERPE ALAI,239.84,16,0.8,3069.952,Extramen Sorting (10) + Cargo (6)
Fri,2025-02-07,GALERNA LAU,258.586,22,0.8,4551.114,Extramen Sorting (14) + Fond Cuve (8)
Fri,2025-02-07,DOLOMIEU,274.72,31,0.8,6813.056,Extramen Brine (6) + Sorting (6) + Cargo (8) + -40 (10) + Gangway (1)
Sat,2025-02-08,ATERPE ALAI,329.15,20,0.8,5266.4,Extramen Sorting (12) + Cargo (8)
Sat,2025-02-08,DOLOMIEU,309.19,29,0.8,7173.208,Extramen Sorting (6) + Brine (6) + Cargo (8) + -40 (9)
Sat,2025-02-08,TXORI ARGI,319.534,25,0.8,6390.68,Extramen Sorting (12) + Cargo (12) + Gangway (1)
Sun,2025-02-09,DOLOMIEU,149.85,34,1.2,6113.88,Extramen Sorting (6) + Brine (2) + Cargo (8) + -40 (10) + Hook/unhook (4) + Gangway (2) + Winchmen (2)
Sun,2025-02-09,TXORI ARGI,284.927,30,1.2,10257.372,Extramen Sorting (12) + Cargo (12) +Brine (6)
Mon,2025-02-10,DOLOMIEU,153.93,28,0.8,3448.032,Extramen Sorting (6) + Cargo (6) + -40 (10) + Hook/unhook (2) + Gangway (2) + Winchmen (2)
Mon,2025-02-10,TXORI ARGI,157.919,36,0.8,4548.067,Extramen Sorting (12) + Dry (10) + Cargo (12) + CCCS (2)
Mon,2025-02-10,ALAKRANA,248.46,12,0.8,2385.216,Extramen Sorting (12)
Tue,2025-02-11,DOLOMIEU,106.57,22,0.8,1875.632,Extramen Sorting (3) + Cargo (8) + -40 (10) + Gangway (1)
Tue,2025-02-11,TXORI ARGI,223.294,32,0.8,5716.326,Extramen Sorting (12) + Well Support (15) + Cargo (5)
Tue,2025-02-11,ALAKRANA,206.89,12,0.8,1986.144,Extramen Sorting (12)
Wed,2025-02-12,ALAKRANA,268.195,16,0.8,3432.896,Extramen Sorting (12) + CCCS (4)
Wed,2025-02-12,TXORI ARGI,223.278,22,0.8,3929.693,Extramen Sorting (12) + Well Support (10) / OT 40.430T Brine @ 150% 30 Stevedores * 4 Hour / Extramen Sorting (12) + Dry (10)
Wed,2025-02-12,TXORI ZURI,329.51,29,0.8,7644.632,Extramen Sorting (12) + Cargo (12) + Ganwgay (1) + Hook/Unhook (2) + Winchmen (2)
Thu,2025-02-13,ALAKRANA,130.317,check,0.8,417.014,Extramen Sorting (4)
Thu,2025-02-13,TXORI GORRI,236.719,25,0.8,4734.38,Extramen Sorting (16) + Cargo (8) + Gangway (1)
Thu,2025-02-13,TXORI ZURI,348.277,16,0.8,4457.946,Extramen Sorting (12) + CCCS (4)
Fri,2025-02-14,TXORI GORRI,191.763,8,0.8,1227.283,Extramen Sorting (8)
Fri,2025-02-14,TXORI ZURI,293.993,8,0.8,1881.555,Extramen Sorting (8)
Fri,2025-02-14,EUSKADI ALAI,159.85,12,0.8,1534.56,Extramen Sorting (12)
Sat,2025-02-15,EUSKADI ALAI,208.21,12,0.8,1998.816,Extramen Sorting (12)
Sat,2025-02-15,IZARO,250.646,14,0.8,2807.235,Extramen Sorting (12) + CCCS (2)
Sat,2025-02-15,TXORI ZURI,111.056,3,0.8,266.534,Extramen Sorting (3)
Sun,2025-02-16,EUSKADI ALAI,202.188,13,1.2,3154.133,Extramen Sorting (11) + CCCS (2)
Sun,2025-02-16,IZARO,294.341,16,1.2,5651.347,Extramen Sorting (12) + CCCS (4)
Mon,2025-02-17,EUSKADI ALAI,184.434,16,0.8,2360.755,Extramen Sorting (12) + CCCS (4)
Mon,2025-02-17,IZARO,254.833,16,0.8,3261.862,Extramen Sorting (12) + CCCS (4)
Tue,2025-02-18,EUSKADI ALAI,217.739,10,0.8,1741.912,"Extramen Sorting (10) / OT 17.748T Brine @ 150%, 1 Stevedores * 1 Hours"
Tue,2025-02-18,IZARO,201.649,16,0.8,2581.107,Extramen Sorting (12) + CCCS (4)
Tue,2025-02-18,GALERNA DOS,248.1,7,0.8,1389.36,Extramen Fond Cuve (7)
Wed,2025-02-19,EUSKADI ALAI,110.659,5,0.8,442.636,Extramen Sorting (5)
Wed,2025-02-19,GALERNA DOS,209.34,18,0.8,3014.496,Extramen  Sorting (10) + Fond Cuve (8)
Thu,2025-02-20,GALERNA DOS,352.09,24,0.8,6760.128,Extramen Sorting (16) + Fond Cuve (8)
Thu,2025-02-20,ELAI ALAI,211.266,10,0.8,1690.128,Extramen Brine (10)
Thu,2025-02-20,JAI ALAI,135.47,12,0.8,1300.512,Extramen Sorting (12)
Fri,2025-02-21,GALERNA DOS,353.71,24,0.8,6791.232,Extramen Sorting (16) + Fond Cuve (8)
Fri,2025-02-21,ELAI ALAI,183.513,10,0.8,1468.104,Extramen Brine (10)
Fri,2025-02-21,JAI ALAI,211.527,16,0.8,2707.546,Extramen Sorting (12) + CCCS (4)
Sat,2025-02-22,GALERNA DOS,244.16,24,0.8,4687.872,
Sat,2025-02-22,ELAI ALAI,121.463,7,0.8,680.193,Extramen Brine (7)
Sat,2025-02-22,JAI ALAI,268.552,16,0.8,3437.466,Extramen Sorting (12) + CCCS (4)
Sun,2025-02-23,JAI ALAI,254.463,16,1.2,4885.69,Extramen Sorting (12) + CCCS (4)
Mon,2025-02-24,TORRE ITALIA,206.18,12,0.8,1979.328,Extramen Fond Cuve (8) + Sorting (4)
Tue,2025-02-25,TORRE ITALIA,212.08,12,0.8,2035.968,Extramen Fond Cuve (8) + Sorting (4)
Wed,2025-02-26,TORRE ITALIA,195.7,12,0.8,1878.72,Extramen Fond Cuve (8) + Sorting (4)
Thu,2025-02-27,TORRE ITALIA,197.43,12,0.8,1895.328,Extramen Fond Cuve (8) + Sorting (4)
Thu,2025-02-27,HAWWA,200.44,16,0.8,2565.632,Extramen Fond Cuve (8) + Sorting (8)
Fri,2025-02-28,IZURDIA,227.72,30,0.8,5465.28,Extramen Sorting (16) + Cargo (12) + Winchmen (2)
Fri,2025-02-28,LAYLA,188.01,16,0.8,2406.528,Extramen Fond Cuve (8) + Sorting (8)
Fri,2025-02-28,HAWWA,236.12,16,0.8,3022.336,Extramen Fond Cuve (8) + Sorting (8)
Sat,2025-03-01,LAYLA,188.01,16,0.8,2406.528,Extramen Fond Cuve (8) + Sorting (8)
Sat,2025-03-01,IZURDIA,219.82,30,0.8,5275.68,Extramen Sorting (16) + Cargo (12) + Winchmen (2)
Sat,2025-03-01,HAWWA,182.36,16,0.8,2334.208,Extramen Fond Cuve (8) + Sorting (8)
Sun,2025-03-02,HAWWA,100.61,10,1.2,1207.32,Extramen Fond Cuve (8) + Sorting (2)
Sun,2025-03-02,LAYLA,221.32,16,1.2,4249.344,Extramen Fond Cuve (8) + Sorting (8)
Sun,2025-03-02,IZURDIA,256.84,30,1.2,9246.24,Extramen Sorting (16) + Cargo (12) + Winchmen (2)
Mon,2025-03-03,NOUR,246.24,16,0.8,3151.872,Extramen Fond Cuve (8) + Sorting (8)
Mon,2025-03-03,LAYLA,242.22,16,0.8,3100.416,Extramen Fond Cuve (8) + Sorting (8)
Mon,2025-03-03,IZURDIA,411.47,30,0.8,9875.28,Extramen Sorting (16) + Cargo (12) + Winchmen (2)
Tue,2025-03-04,IZURDIA,331.94,30,0.8,7966.56,Extramen Sorting (16) + Cargo (12) + Winchmen (2)
Tue,2025-03-04,LAYLA,61.14,16,0.8,782.592,Extramen Fond Cuve (8) + Sorting (8)
Tue,2025-03-04,NOUR,166.41,18,0.8,2396.304,Extramen Fond Cuve (8) + Sorting (8) + Hook/Unhook (2)
Wed,2025-03-05,ACILA,203.96,20,0.8,3263.36,Extramen Fond Cuve (8) + Sorting (12)
Wed,2025-03-05,IZURDIA,364.29,35,0.8,10200.12,Extramen Sorting (20) + Cargo (12) + Winchmen (2) + Gangway (1)
Wed,2025-03-05,NOUR,231.01,18,0.8,3326.544,Extramen Fond Cuve (8) + Sorting (8) + Hook/Unhook (2)
Thu,2025-03-06,NOUR,264.85,18,0.8,3813.84,Extramen Fond Cuve (8) + Sorting (8) + Hook/Unhook (2)
Thu,2025-03-06,ACILA,186.48,20,0.8,2983.68,Extramen Fond Cuve (8) + Sorting (12)
Fri,2025-03-07,ACILA,178.29,20,0.8,2852.64,Extramen Sorting (12) + Fond Cuve (8)
Fri,2025-03-07,ATERPE ALAI,286.19,19,0.8,4350.088,Extramen Sorting (12) + Well Support (7)
Fri,2025-03-07,TXORI ZURI,365.319,8,0.8,2338.042,Extramen Sorting (8)
Mon,2025-03-10,ACILA,136.8,20,0.8,2188.8,Extramen Sorting (12) + Fond Cuve (8)
Tue,2025-03-11,ACILA,126.28,14,0.8,1414.336,Extramen Sorting (6) + Fond Cuve (8)
Tue,2025-03-11,BERNICA,294.98,46,0.8,10855.264,Extramen Cargo (16) + Brine (6) + Sorting (6) + -40 (10) + Hook/ Unhook (4) + Winchmen (2) + Gangway (2)
Wed,2025-03-12,ACILA,111.07,14,0.8,1243.984,Extramen Sorting (6) + Fond Cuve (8)
Wed,2025-03-12,DOLOMIEU,164.25,7,0.8,919.8,Extramen Sorting (4) + Brine (3)
Wed,2025-03-12,BERNICA,234.83,47,0.8,8829.608,Extramen Cargo (16) + Brine (6) + Sorting (6) + -40 (10) + Hook/ Unhook (4) + Winchmen (2) + Gangway (3)
Thu,2025-03-13,BERNICA,138.11,31,0.8,3425.128,Extramen Cargo (12) + -40(10) + Hook/Unhook (2) + Winchmen (2) + Gangway (3) + Well Support (2)
Fri,2025-03-14,BERNICA,176.89,25,0.8,3537.8,Extramen Cargo (8) + -40(10) + Hook/Unhook (2) + Gangway (3) + Well Support (2)
Sat,2025-03-15,BERNICA,74.86,20,0.8,1197.76,Extramen Cargo (8) + -40 (10) + Hook / Unhook (2)
Sat,2025-03-15,DOLOMIEU,152.63,16,0.8,1953.664,Extramen Sorting (6) + -40 (10)
Sun,2025-03-16,DOLOMIEU,135.54,16,1.2,2602.368,Extramen Sorting (6) + -40 (10)
Sun,2025-03-16,PACIFIC STAR,307.91,63,1.2,23277.996,Extramen Brine (16) + Well Support (30) + CCCS (9) + Fond Cuve (8)
Mon,2025-03-17,DOLOMIEU,108.48,16,0.8,1388.544,Extramen Sorting (6) + -40 (10)
Mon,2025-03-17,PACIFIC STAR,129.034,38,0.8,3922.634,Extramen Brine (10) + Well Support (20) + Fond Cuve (8)
Tue,2025-03-18,TXORI GORRI,153.71,5,0.8,614.84,Extramen Sorting (5)
Wed,2025-03-19,EUSKADI ALAI,288.45,check,0.8,7153.56,Extramen Cargo (12) + Sorting (16) + Winchmen (2) + Gangway (1)
Thu,2025-03-20,EUSKADI ALAI,215.58,21,0.8,3621.744,Extramen Sorting (12) + Cargo (8) + Gangway (1)
Thu,2025-03-20,NOUR,265.7,18,0.8,3826.08,Extramen Sorting (10) + Fond Cuve (8)
Fri,2025-03-21,EUSKADI ALAI,243.52,21,0.8,4091.136,Extramen Sorting (12) + Cargo (8) + Gangway (1)
Fri,2025-03-21,JAI ALAI,283.82,check,0.8,4541.12,Extramen Sorting (16) + Brine (4)
Sat,2025-03-22,JAI ALAI,273.7,12,0.8,2627.52,Extramen Sorting (12)
Sat,2025-03-22,TXORI AUNDI,217.179,30,0.8,5212.296,Extramen Brine (16) + Net (4) + Cargo (8) +  Hook/Unhook (2)
Sun,2025-03-23,JAI ALAI,248.32,12,1.2,3575.808,Extramen Sorting (12)
Sun,2025-03-23,TXORI AUNDI,170.711,30,1.2,6145.596,Extramen Brine (16) + Net (4) + Cargo (8) +  Hook/Unhook (2)
Mon,2025-03-24,JAI ALAI,138.22,12,0.8,1326.912,Extramen Sorting (12)
Mon,2025-03-24,TXORI AUNDI,253.901,30,0.8,6093.624,Extramen Brine (16) + Net (4) + Cargo (8) +  Hook/Unhook (2)
Tue,2025-03-25,FRANCHE TERRE,106.97,10,0.8,855.76,Extramen Cargo (10)
Tue,2025-03-25,TXORI AUNDI,193.8,30,0.8,4651.2,Extramen Brine (16) + Net (4) + Cargo (8) +  Hook/Unhook (2)
Wed,2025-03-26,FRANCHE TERRE,138.02,16,0.8,1766.656,Extramen Cargo (8) + -40 (8)
Wed,2025-03-26,TXORI AUNDI,125.61,30,0.8,3014.64,Extramen Brine (16) + Net (4) + Cargo (8) +  Hook/Unhook (2)
Thu,2025-03-27,FRANCHE TERRE,116.25,27,0.8,2511.0,Extramen Cargo (8) + -40 (10) + Sorting (4) + Gangway (3) + Hook/Unhook (2)
Thu,2025-03-27,HAWWA,194.35,18,0.8,2798.64,Extramen Sorting (10) + Fond Cuve (8)
Fri,2025-03-28,ADAMAS,226.97,20,0.8,3631.52,Extramen Sorting (12) + Fond Cuve (8)
Fri,2025-03-28,FRANCHE TERRE,115.638,35,0.8,3237.864,Extramen Cargo (8) + -40 (10) + Sorting (12) + Gangway (3) + Hook/Unhook (2)
Fri,2025-03-28,HAWWA,242.34,18,0.8,3489.696,Extramen Sorting (10) + Fond Cuve (8)
Sat,2025-03-29,ADAMAS,140.57,20,0.8,2249.12,Extramen Sorting (12) + Fond Cuve (8)
Sat,2025-03-29,FRANCHE TERRE,108.49,35,0.8,3037.72,Extramen Cargo (8) + -40 (10) + Sorting (12) + Gangway (3) + Hook/Unhook (2)
Sat,2025-03-29,HAWWA,149.81,18,0.8,2157.264,Extramen Sorting (10) + Fond Cuve (8)
Sun,2025-03-30,ADAMAS,156.8,20,1.2,3763.2,Extramen Sorting (12) + Fond Cuve (8)
Sun,2025-03-30,IZARO,236.64,40,1.2,11358.72,Extramen Cargo (20) + Sorting (12) + Gangway (2) + Brine (6)
Mon,2025-03-31,ADAMAS,160.48,20,0.8,2567.68,Extramen Sorting (12) + Fond Cuve (8)
Mon,2025-03-31,ALBACORA CUATRO,232.67,40,0.8,7445.44,Extramen Cargo (8) + Brine (16) + Net (4) + Well Support (12)
Mon,2025-03-31,IZARO,335.68,40,0.8,10741.76,Extramen Cargo (20) + Sorting (12) + Gangway (2) + Brine (6)
Tue,2025-04-01,ALBACORA CUATRO,254.94,40,0.8,8158.08,Extramen Cargo (8) + Brine (16) + Net (4) + Well Support (12)
Tue,2025-04-01,IZARO,220.12,27,0.8,4754.592,Extramen Cargo (12) + Sorting (12) + Winchmen (2) + Gangway (1)
Tue,2025-04-01,IZURDIA,334.55,29,0.8,7761.56,Extramen Cargo (8) + Sorting (16) + Brine (4) + Gangway (1)
Tue,2025-04-01,LAYLA,251.96,18,0.8,3628.224,Extramen Sorting (10) + Fond Cuve (8)
Wed,2025-04-02,DONIENE,202.1,31,0.8,5012.08,Extramen Cargo (8) + Sorting (12) + Brine (8) + Hook/Unhook (2) + Gangway (1)
Wed,2025-04-02,ALBACORA CUATRO,243.43,40,0.8,7789.76,Extramen Cargo (8) + Brine (16) + Net (4) + Well Support (12)
Wed,2025-04-02,IZURDIA,406.9,31,0.8,10091.12,Extramen Cargo (8) + Sorting (12) + Brine (8) + Hook/Unhook (2) + Gangway (1)
Wed,2025-04-02,LAYLA,208.15,18,0.8,2997.36,Extramen Sorting (10) + Fond Cuve (8)
Thu,2025-04-03,IZURDIA,413.71,38,0.8,12576.784,Extramen Cargo (14) + Sorting (12) + Brine (8) + Gangway (2) + Hook/Unhook (2)
Thu,2025-04-03,LAYLA,188.93,18,0.8,2720.592,Extramen Sorting (10) + Fond Cuve (8)
Thu,2025-04-03,GALERNA LAU,311.78,18,0.8,4489.632,Extramen Sorting (12) + Brine (6)
Thu,2025-04-03,DONIENE,248.37,31,0.8,6159.576,Extramen Cargo (8) + Sorting (12) + Brine (8) + Hook/Unhook (2) + Gangway (1)
Thu,2025-04-03,ALBACORA CUATRO,214.72,40,0.8,6871.04,Extramen Cargo (8) + Brine (16) + Net (4) + Well Support (12)
Fri,2025-04-04,ALBACORA CUATRO,244.77,40,0.8,7832.64,Extramen Cargo (8) + Brine (16) + Net (4) + Well Support (12)
Fri,2025-04-04,LAYLA,192.4,18,0.8,2770.56,Extramen Sorting (10) + Fond Cuve (8)
Fri,2025-04-04,DONIENE,290.75,31,0.8,7210.6,Extramen Cargo (8) + Sorting (12) + Brine (8) + Hook/Unhook (2) + Gangway (1)
Fri,2025-04-04,BERNICA,166.27,6,0.8,798.096,Extramen Sorting (6)
Sat,2025-04-05,LAYLA,178.47,18,0.8,2569.968,"Extramen Sorting (10) + Fond Cuve (8)  /OT 1.540T Brine @ 150%, 15 Stevedores * 2 Hour"
Sat,2025-04-05,DONIENE,260.13,31,0.8,6451.224,Extramen Cargo (8) + Sorting (12) + Brine (8) + Hook/Unhook (2) + Gangway (1)
Sun,2025-04-06,DONIENE,255.82,31,1.2,9516.504,Extramen Cargo (8) + Sorting (12) + Brine (8) + Hook/Unhook (2) + Gangway (1)
Sun,2025-04-06,ACILA,141.78,26,1.2,4423.536,Extramen Sorting (12) + Fond Cuve (8) + Well Support (6)
Mon,2025-04-07,ACILA,73.89,12,0.8,709.344,Extramen Sorting (4) + Fond Cuve (8)
Mon,2025-04-07,DONIENE,295.22,31,0.8,7321.456,"Extramen Cargo (8) + Sorting (12) + Brine (8) + Hook/Unhook (2) + Gangway (1) / OT 23.800T Brine @ 150%, 36 Stevedores * 1 Hour"
Tue,2025-04-08,DONIENE,137.21,22,0.8,2414.896,Extramen Cargo (8) + Sorting (12) + Hook/Unhook (2)
Wed,2025-04-09,TXORI TOKI,281.469,10,0.8,2251.752,"Extramen Sorting (10) / OT 12.508T Brine @ 150%, 28 Stevedores * 2 Hours"
Wed,2025-04-09,NOUR,216.58,18,0.8,3118.752,Extramen Sorting (10) + Fond Cuve (8)
Thu,2025-04-10,TXORI ARGI,402.44,46,0.8,14809.792,Extramen Cargo (24) + Sorting (16) +Gangway (2) + Winchmen (4)
Thu,2025-04-10,NOUR,215.43,18,0.8,3102.192,Extramen Sorting (10) + Fond Cuve (8)
Fri,2025-04-11,TXORI ARGI,396.59,50,0.8,15863.6,Extramen Cargo (24) + Sorting (20) +Gangway (2) + Winchmen (4)
Fri,2025-04-11,NOUR,222.99,18,0.8,3211.056,Extramen Sorting (10) + Fond Cuve (8)
Fri,2025-04-11,ELAI ALAI,213.79,4,0.8,684.128,Extramen Brine (4)
Sat,2025-04-12,TXORI ARGI,296.292,42,0.8,9955.411,Extramen Cargo (20) + Sorting (20) +Gangway (2)
Sat,2025-04-12,NOUR,185.92,18,0.8,2677.248,Extramen Sorting (10) + Fond Cuve (8)
Sat,2025-04-12,ELAI ALAI,166.7,4,0.8,533.44,Extramen Brine (4)
Sun,2025-04-13,TXORI ARGI,261.922,44,1.2,13829.482,Extramen Sorting (20) + Cargo (16) + CCCS (4) + Winchmen (2) + Gangway (2)
Sun,2025-04-13,NOUR,126.6,18,1.2,2734.56,Extramen Sorting (10) + Fond Cuve (8)
Mon,2025-04-14,TXORI ZURI,348.87,33,0.8,9210.168,Extramen Cargo (8) + Sorting (20) + CCCS (4) + Gangway (1)
Mon,2025-04-14,TXORI ARGI,180.127,33,0.8,4755.353,Extramen Cargo (8) + Sorting (20) + CCCS (4) + Gangway (1)
Mon,2025-04-14,BERNICA,305.57,44,0.8,10756.064,Extramen Cargo (16) + Brine (6) + Sorting (8) + -40 (10) + Gangway (2) + Hook/Unhook (2)
Tue,2025-04-15,TXORI ZURI,300.912,33,0.8,7944.077,Extramen Cargo (8) + Sorting (20) + CCCS (4) + Gangway (1)
Tue,2025-04-15,BERNICA,224.66,44,0.8,7908.032,Extramen Cargo (16) + Brine (6) + Sorting (8) + -40 (10) + Gangway (2) + Hook/Unhook (2)
Tue,2025-04-15,HAWWA,166.62,18,0.8,2399.328,Extramen Sorting (10) + Fond Cuve (8)
Wed,2025-04-16,TXORI ZURI,385.224,48,0.8,14792.602,Extramen Cargo (20) + Sorting (20) + Gangway (2) + CCCS (4) + Winchmen (2)
Wed,2025-04-16,BERNICA,121.41,check,0.8,3010.968,Extramen Cargo (16) + Sorting (6) + -40 (7) + Gangway (2)
Wed,2025-04-16,HAWWA,170.99,18,0.8,2462.256,Extramen Sorting (10) + Fond Cuve (8)
Wed,2025-04-16,ITSAS TXORI,348.727,check,0.8,5021.669,Extramen Sorting (14) + CCCS (4)
Thu,2025-04-17,TXORI ZURI,340.61,48,0.8,13079.424,Extramen Cargo (20) + Sorting (20) + Gangway (2) + CCCS (4) + Winchmen (2)
Thu,2025-04-17,BERNICA,133.43,check,0.8,3309.064,Extramen Cargo (16) + Sorting (6) + -40 (7) + Gangway (2)
Thu,2025-04-17,HAWWA,154.56,20,0.8,2472.96,Extramen Sorting (10) + Fond Cuve (8) + Hook / Unhook (2)
Thu,2025-04-17,ITSAS TXORI,351.075,20,0.8,5617.2,Extramen Sorting (16) + CCCS (4)
PH,2025-04-18,TXORI ZURI,212.238,33,1.2,8404.625,Extramen Cargo (12) + Sorting (20) + Gangway (1)
PH,2025-04-18,HAWWA,162.09,20,1.2,3890.16,Extramen Sorting (10) + Fond Cuve (8) + Hook / Unhook (2)
PH,2025-04-18,ITSAS TXORI,275.18,16,1.2,5283.456,Extramen Sorting (16)
PH,2025-04-18,EUSKADI ALAI,192.685,11,1.2,2543.442,Extramen Sorting (11)
PH,2025-04-19,PACIFIC STAR,244.404,99,1.2,29035.195,Extramen Cuve (22) + Net (24) + Well Support (44) +CCCS (6) + Pont (3)
PH,2025-04-19,ITSAS TXORI,333.19,29,1.2,11595.012,Extramen Sorting (21) + Cuve (4) + CCCS (4)
PH,2025-04-19,EUSKADI ALAI,240.57,44,1.2,12702.096,Extramen Cargo (20) + Sorting (20) + Winchmen (2) + Gangway (2)
PH,2025-04-20,EUSKADI ALAI,234.91,44,1.2,12403.248,Extramen Cargo (20) + Sorting (20) + Winchmen (2) + Gangway (2)
PH,2025-04-20,PACIFIC STAR,224.969,107,1.2,28886.02,Extramen Cuve (22) + Net (24) + Well Support (44) +CCCS (6) + Pont (3) + Fond Cuve (8)
PH,2025-04-20,ALAKRANA,192.8,16,1.2,3701.76,Extramen Sorting (12) + Cuve (4)
PH,2025-04-21,EUSKADI ALAI,256.712,33,1.2,10165.795,Extramen Cargo (8) + Sorting (20) + Cuve (4) + Gangway (1)
PH,2025-04-21,PACIFIC STAR,234.144,101,1.2,28378.253,Extramen Cuve (22) + Net (24) + Well Support (44) + Pont (3) + Fond Cuve (8)
Tue,2025-04-22,ELAI ALAI,183.71,4,0.8,587.872,Extramen Cuve (4)
Tue,2025-04-22,PACIFIC STAR,154.064,89,0.8,10969.357,Extramen Cuve (20) + Net (24) + Well Support (36) + Pont (1) + Fond Cuve (8)
Wed,2025-04-23,ELAI ALAI,235.22,4,0.8,752.704,Extramen Cuve (4)
Wed,2025-04-23,PACIFIC STAR,309.164,89,0.8,22012.477,Extramen Cuve (20) + Net (24) + Well Support (36) + Pont (1) + Fond Cuve (8)
Thu,2025-04-24,IZARO,254.17,32,0.8,6506.752,Extramen Cargo (16) + Sorting (12) +Winchmen (2) + Gangway (2)
Thu,2025-04-24,LAYLA,163.48,18,0.8,2354.112,Extramen Sorting (10) + Fond Cuve (8)
Thu,2025-04-24,ELAI ALAI,159.52,4,0.8,510.464,Extramen Cuve (4)
Thu,2025-04-24,PACIFIC STAR,270.039,87,0.8,18794.714,Extramen Cuve (20) + Net (24) + Well Support (34) + Pont (1) + Fond Cuve (8)
Fri,2025-04-25,IZARO,255.98,32,0.8,6553.088,Extramen Cargo (16) + Sorting (12) +Winchmen (2) + Gangway (2)
Fri,2025-04-25,LAYLA,199.4,18,0.8,2871.36,Extramen Sorting (10) + Fond Cuve (8)
Fri,2025-04-25,FRANCHE TERRE,248.08,10,0.8,1984.64,Extramen Brine (6) + Sorting (4)
Fri,2025-04-25,PACIFIC STAR,144.41,31,0.8,3581.368,Extramen Well Support (13) +Fond Cuve (8) +Net (10)
Sat,2025-04-26,IZARO,265.06,20,0.8,4240.96,Extramen Cargo (8) + Sorting (12)
Sat,2025-04-26,LAYLA,187.29,18,0.8,2696.976,Extramen Sorting (10) + Fond Cuve (8)
Sat,2025-04-26,FRANCHE TERRE,261.38,18,0.8,3763.872,Extramen Brine (6) + Sorting (4) + -40 (8)
Sun,2025-04-27,IZARO,210.7,20,1.2,5056.8,Extramen Cargo (8) + Sorting (12)
Sun,2025-04-27,LAYLA,199.73,18,1.2,4314.168,Extramen Sorting (10) + Fond Cuve (8)
Sun,2025-04-27,FRANCHE TERRE,154.71,15,1.2,2784.78,Extramen Brine (3) + Sorting (4) + -40 (8)
Sun,2025-04-27,VASCO,183.9,24,1.2,5296.32,Extramen Cargo (12) + Fond Cuve (8) + Cuve (4)
Mon,2025-04-28,IZARO,172.44,20,0.8,2759.04,Extramen Cargo (8) + Sorting (12)
Mon,2025-04-28,FRANCHE TERRE,138.14,9,0.8,994.608,Extramen -40 (9)
Mon,2025-04-28,VASCO,196.01,24,0.8,3763.392,Extramen Cargo (12) + Fond Cuve (8) + Cuve (4)
Tue,2025-04-29,FRANCHE TERRE,123.97,4,0.8,396.704,Extramen Sorting (4)
Tue,2025-04-29,VASCO,199.92,8,0.8,1279.488,Extramen Fond Cuve (8)
Wed,2025-04-30,ATERPE ALAI,232.69,22,0.8,4095.344,Extramen Cargo (8) + Sorting (12) + Gangway (2)
Mon,2025-05-05,IZURDIA,262.3,25,0.8,5246.0,Extramen Cargo (10) + Sorting (15)
Mon,2025-05-05,PLAYA DE RIS,227.07,17,0.8,3088.152,Extramen (16) Brine + Pont (1)
Tue,2025-05-06,IZURDIA,265.13,27,0.8,5726.808,Extramen Cargo (10) + Sorting (16) + Winchmen (1)
Tue,2025-05-06,PLAYA DE RIS,208.86,17,0.8,2840.496,Extramen (16) Brine + Pont (1)
Wed,2025-05-07,ACILA,161.4,23,0.8,2969.76,Extramen Sorting (11) + Cargo (12)
Wed,2025-05-07,IZURDIA,236.78,34,0.8,6440.416,Extramen Cargo (12) + Sorting (16) + Winchmen (4) + Fillet (2)
Wed,2025-05-07,PLAYA DE RIS,270.72,check,0.8,3465.216,Extramen Brine (16)
Thu,2025-05-08,ACILA,133.58,30,0.8,3205.92,Extramen Sorting (14) + Cargo (8) + Fond Cuves (8)
Thu,2025-05-08,ATERPE ALAI,190.97,23,0.8,3513.848,Extramen Sorting (12) + Cargo (8) + Gangway (1) + Hook/Unhook (2)
Thu,2025-05-08,PLAYA DE RIS,234.3,16,0.8,2999.04,Extramen (16) Brine
Fri,2025-05-09,ALBACORA CUATRO,125.01,30,0.8,3000.24,Extramen Well Support (22) + Fond Cuve (8)
Fri,2025-05-09,ACILA,136.88,30,0.8,3285.12,Extramen Sorting (14) + Cargo (8) + Fond Cuves (8)
Fri,2025-05-09,ATERPE ALAI,212.97,22,0.8,3748.272,Extramen Sorting (12) + Cargo (8) + Gangway (1) + Hook/Unhook (1)
Fri,2025-05-09,PLAYA DE RIS,161.12,10,0.8,1288.96,Extramen Brine (10)
Sat,2025-05-10,ALBACORA CUATRO,204.38,40,0.8,6540.16,Extramen Well Support (32) + Fond Cuve (8)
Sat,2025-05-10,ACILA,218.7,30,0.8,5248.8,Extramen Sorting (14) + Cargo (8) + Fond Cuves (8)
Sat,2025-05-10,ATERPE ALAI,203.65,10,0.8,1629.2,Extramen Sorting (10)
Sun,2025-05-11,ALBACORA CUATRO,151.48,40,1.2,7271.04,Extramen Well Support (32) + Fond Cuve (8)
Sun,2025-05-11,ACILA,185.68,30,1.2,6684.48,Extramen Sorting (14) + Cargo (8) + Fond Cuves (8)
Sun,2025-05-11,ATERPE ALAI,176.15,10,1.2,2113.8,Extramen Sorting (10)
Mon,2025-05-12,ALBACORA CUATRO,126.99,40,0.8,4063.68,Extramen Well Support (32) + Fond Cuve (8)
Mon,2025-05-12,ACILA,166.8,30,0.8,4003.2,Extramen Sorting (14) + Cargo (8) + Fond Cuves (8)
Mon,2025-05-12,ATERPE ALAI,169.28,20,0.8,2708.48,"10.540T Brine @ 150%, 31 Stevedores * 2 Hours / Extramen Sorting (12) + Cargo (8)"
Mon,2025-05-12,DONIENE,218.07,12,0.8,2093.472,Extramen Sorting (12)
Mon,2025-05-12,TXORI BERRI,195.866,18,0.8,2820.47,Etxramen Brine (14) + CCCS (4)
Tue,2025-05-13,ALBACORA CUATRO,162.26,48,0.8,6230.784,Extramen Well Support (32) + Fond Cuve (8) + Cargo (8)
Tue,2025-05-13,ACILA,96.76,30,0.8,2322.24,Extramen Sorting (14) + Cargo (8) + Fond Cuves (8)
Tue,2025-05-13,DONIENE,301.9,16,0.8,3864.32,Extramen Sorting (12) + Well Support (4)
Tue,2025-05-13,TXORI BERRI,244.628,18,0.8,3522.643,Extramen Brine (14) + CCCS (4)
Wed,2025-05-14,ALBACORA CUATRO,249.34,48,0.8,9574.656,Extramen Well Support (32) + Fond Cuve (8) + Cargo (8)
Wed,2025-05-14,TXORI BERRI,214.285,18,0.8,3085.704,Extramen Brine (14) + CCCS (4)
Wed,2025-05-14,ALAKRANA,262.944,16,0.8,3365.683,Extramen Sorting (12) + CCCS (4)
Thu,2025-05-15,ALBACORA CUATRO,144.42,48,0.8,5545.728,Extramen Well Support (32) + Fond Cuve (8) + Cargo (8)
Thu,2025-05-15,TXORI BERRI,218.123,18,0.8,3140.971,Extramen Brine (14) + CCCS (4)
Thu,2025-05-15,ALAKRANA,343.632,10,0.8,2749.056,Extramen Sorting (10)
Thu,2025-05-15,ADAMAS,179.06,20,0.8,2864.96,Extramen Sorting (12) + Fond Cuve (8)
Fri,2025-05-16,ALAKRANA,318.268,10,0.8,2546.144,Extramen Sorting (10)
Fri,2025-05-16,ADAMAS,229.7,20,0.8,3675.2,Extramen Sorting (12) + Fond Cuve (8)
Sat,2025-05-17,ALAKRANA,266.214,10,0.8,2129.712,Extramen Sorting (10)
Sat,2025-05-17,ADAMAS,214.67,20,0.8,3434.72,Extramen Sorting (12) + Fond Cuve (8)
Sun,2025-05-18,ADAMAS,114.9,20,1.2,2757.6,Extramen Sorting (12) + Fond Cuve (8)
Sun,2025-05-18,BERNICA,125.12,14,1.2,2102.016,Extramen Sorting (8) + -40 (6)
Mon,2025-05-19,BERNICA,176.86,17,0.8,2405.296,Extramen Sorting (8) + -40 (9)
Mon,2025-05-19,ELAI ALAI,204.6,13,0.8,2127.84,Extramen Cargo (12) + Gangway (1)
Tue,2025-05-20,BERNICA,132.63,17,0.8,1803.768,Extramen Sorting (8) + -40 (9)
Tue,2025-05-20,FRANCHE TERRE,208.427,18,0.8,3001.349,Extramen Brine (6) + Sorting (8) + -40 (4)
Tue,2025-05-20,ELAI ALAI,202.67,15,0.8,2432.04,Extramen Cargo (12) + Gangway (1) + Hook/Unhook (2)
Wed,2025-05-21,FRANCHE TERRE,212.533,20,0.8,3400.528,Extramen Brine (6) + CCCS (4) + -40 (10)
Wed,2025-05-21,BERNICA,157.12,17,0.8,2136.832,Extramen Sorting (8) + -40 (9)
Wed,2025-05-21,ELAI ALAI,244.56,check,0.8,4108.608,Extramen Cargo (12) + Gangway (1) + Hook/Unhook (2) + Brine (6)
Thu,2025-05-22,FRANCHE TERRE,86.079,2,0.8,137.726,Extramen CCCS (2)
Thu,2025-05-22,DONIENE,254.09,29,0.8,5894.888,Extramen Sorting (12) + Cargo (8) +Brine (8) + Gangway (1)
Thu,2025-05-22,ELAI ALAI,199.5,10,0.8,1596.0,Extramen Brine (10)
Thu,2025-05-22,BERNICA,85.14,17,0.8,1157.904,Extramen Sorting (8) + -40 (9)
Fri,2025-05-23,ELAI ALAI,182.14,10,0.8,1457.12,Extramen Brine (10)
Fri,2025-05-23,DONIENE,293.79,29,0.8,6815.928,Extramen Sorting (12) + Cargo (8) +Brine (8) + Gangway (1)
Sat,2025-05-24,ELAI ALAI,92.3,4,0.8,295.36,Extramen Brine (4)
Sat,2025-05-24,DONIENE,325.71,35,0.8,9119.88,Extramen Sorting (12) + Cargo (8) +Brine (14) + Gangway (1)
Sun,2025-05-25,DONIENE,204.61,20,1.2,4910.64,Extramen Sorting (12) + Brine (8)
Mon,2025-05-26,DONIENE,221.76,20,0.8,3548.16,Extramen Sorting (12) + Brine (8)
Mon,2025-05-26,IZURDIA,286.45,20,0.8,4583.2,Extramen Sorting (12) + Brine (8)
Tue,2025-05-27,DONIENE,294.27,37,0.8,8710.392,Extramen Sorting (16) + Brine (21)
Tue,2025-05-27,IZURDIA,253.48,20,0.8,4055.68,Extramen Sorting (12) + Brine (8)
Wed,2025-05-28,DONIENE,80.85,9,0.8,582.12,Extramen Sorting (9)
Wed,2025-05-28,IZURDIA,250.97,20,0.8,4015.52,Extramen Sorting (12) + Brine (8)
Thu,2025-05-29,IZURDIA,233.28,20,0.8,3732.48,Extramen Sorting (12) + Brine (8)
Thu,2025-05-29,IZARO,219.02,12,0.8,2102.592,Extramen Sorting (12)
Fri,2025-05-30,IZURDIA,265.53,20,0.8,4248.48,Extramen Sorting (12) + Brine (8)
Fri,2025-05-30,IZARO,248.01,12,0.8,2380.896,Extramen Sorting (12)
Sat,2025-05-31,IZURDIA,272.2,20,0.8,4355.2,Extramen Sorting (12) + Brine (8)
Sat,2025-05-31,IZARO,245.31,12,0.8,2354.976,Extramen Sorting (12)
Sun,2025-06-01,IZURDIA,244.69,20,1.2,5872.56,Extramen Sorting (12) + Brine (8)
Sun,2025-06-01,IZARO,203.07,12,1.2,2924.208,Extramen Sorting (12)
Mon,2025-06-02,FRANCHE TERRE,141.42,22,0.8,2488.992,Extramen Sorting (12) + -40 (10)
Tue,2025-06-03,FRANCHE TERRE,154.19,22,0.8,2713.744,Extramen Sorting (12) + -40 (10)
Wed,2025-06-04,FRANCHE TERRE,123.6,26,0.8,2570.88,Extramen Sorting (12) + -40 (14)
Thu,2025-06-05,FRANCHE TERRE,75.7,22,0.8,1332.32,Extramen Sorting (12) + -40 (10)
Wed,2025-06-11,ATERPE ALAI,292.64,30,0.8,7023.36,Extramen Cargo (8) + Sorting (12) + Hook/Unhook (6) + Gangway (2) + Winchmen (2)
Thu,2025-06-12,ATERPE ALAI,111.72,30,0.8,2681.28,Extramen Cargo (8) + Sorting (12) + Hook/Unhook (6) + Gangway (2) + Winchmen (2)
Mon,2025-06-16,ADAMAS,156.47,20,0.8,2503.52,Extramen Sorting (12) + Fond Cuve (8)
Tue,2025-06-17,ADAMAS,180.69,20,0.8,2891.04,Extramen Sorting (12) + Fond Cuve (8)
Tue,2025-06-17,ALAKRANA,332.23,33,0.8,8770.872,Extramen Sorting (12) + Cargo ( 10) +  Winchmen (4) + Gangway (3) + Hook/Unhook (4)
Tue,2025-06-17,TXORI BERRI,237.369,18,0.8,3418.114,Extramen Brine (16) + CCCS (2)
PH,2025-06-18,ALAKRANA,269.93,37,1.2,11984.892,Extramen Sorting (16) + Cargo ( 10) +  Winchmen (4) + Gangway (3) + Hook/Unhook (4)
PH,2025-06-18,TXORI BERRI,223.06,24,1.2,6424.128,Extramen Brine (16) + CCCS (8)
PH,2025-06-19,ALAKRANA,126.62,37,1.2,5621.928,Extramen Sorting (16) + Cargo ( 10) +  Winchmen (4) + Gangway (3) + Hook/Unhook (4)
PH,2025-06-19,TXORI BERRI,205.838,24,1.2,5928.134,Extramen Brine (16) + CCCS (8)
PH,2025-06-19,TXORI GORRI,277.37,27,1.2,8986.788,Extramen Sorting (12) + Cargo (12) + Winchmen (2) + Gangway (1)
PH,2025-06-19,PLAYA DE RIS,246.77,12,1.2,3553.488,Extramen Cargo (12)
Fri,2025-06-20,AVEL VAD,339.17,8,0.8,2170.688,Extramen Fond Cuve (8)
Fri,2025-06-20,TXORI BERRI,159.167,18,0.8,2292.005,Extramen Brine (16) + CCCS (2)
Fri,2025-06-20,TXORI GORRI,283.933,20,0.8,4542.928,Extramen Sorting (16) + CCCS (4)
Fri,2025-06-20,PLAYA DE RIS,289.6,34,0.8,7877.12,Extramen Brine (16) + Cargo (16) + Gangway (2)
Sat,2025-06-21,AVEL VAD,293.95,8,0.8,1881.28,Extramen Fond Cuve (8)
Sat,2025-06-21,TXORI GORRI,260.286,20,0.8,4164.576,Extramen Sorting (16) + CCCS (4)
Sun,2025-06-22,TXORI GORRI,61.717,6,1.2,444.362,Extramen Sorting (6)
Mon,2025-06-23,JAI ALAI,259.96,32,0.8,6654.976,Extramen Cargo (12) + Sorting (16) + Winchmen (2) + Gangway (1) + Hook/Unhook (1)
Mon,2025-06-23,PLAYA DE AZKORRI,142.87,5,0.8,571.48,Extramen Cargo (5)
Tue,2025-06-24,JAI ALAI,200.7,15,0.8,2408.4,Extramen Cargo (10) + Sorting (5)
Tue,2025-06-24,ELAI ALAI,186.12,13,0.8,1935.648,Extramen Cargo (12) + Gangway (1)
Wed,2025-06-25,JAI ALAI,227.37,14,0.8,2546.544,Extramen Sorting (8) + Cargo (6)
Wed,2025-06-25,ELAI ALAI,317.97,24,0.8,6105.024,Extramen Cargo (12) + Brine (8) + Gangway (2) + Hook/Unhook (2)
Wed,2025-06-25,BERNICA,114.76,5,0.8,459.04,Extramen -40 (5)
Thu,2025-06-26,JAI ALAI,153.208,11,0.8,1348.23,Extramen Sorting (4) + Cargo (6) + Gangway (1)
Thu,2025-06-26,ELAI ALAI,182.34,27,0.8,3938.544,Extramen Cargo (12) + Brine (10) + Gangway (1) + Hook/Unhook (2) + Winchmen (2)
PH,2025-06-29,IZARO,174.94,18,1.2,3778.704,Extramen Sorting (12) + Cargo (6)
PH,2025-06-30,IZARO,247.97,18,1.2,5356.152,Extramen Sorting (12) + Cargo (6)
Tue,2025-07-01,DOLOMIEU,104.67,4,0.8,334.944,Extramen Cargo (4)
Tue,2025-07-01,IZARO,163.675,check,0.8,4321.02,Extramen Sorting (16) + Cargo (12) + Winchmen (2) + Hook/Unhook (2) + Gangway (1)
Wed,2025-07-02,HAWWA,317.74,12,0.8,3050.304,Extramen Fond Cuve (8) + Sorting (4)
Thu,2025-07-03,IZURDIA,358.91,29,0.8,8326.712,Extramen Sorting (18) + Cargo (8) + Hook/Unhook (2) + Gangway (1)
Fri,2025-07-04,DONIENE,270.835,38,0.8,8233.384,Extramen Cuve (8) + Sorting (18) + Cargo (8) + Hook/Unhook (2) + Gangway (1) + Skiff Attendant (1)
Fri,2025-07-04,IZURDIA,325.44,29,0.8,7550.208,Extramen Sorting (18) + Cargo (8) + Hook/Unhook (2) + Gangway (1)
Sat,2025-07-05,DONIENE,254.67,38,0.8,7741.968,Extramen Cuve (8) + Sorting (18) + Cargo (8) + Hook/Unhook (2) + Gangway (1) + Skiff Attendant (1)
Sat,2025-07-05,IZURDIA,280.28,29,0.8,6502.496,Extramen Sorting (18) + Cargo (8) + Hook/Unhook (2) + Gangway (1)
Sun,2025-07-06,DONIENE,278.33,37,1.2,12357.852,Extramen Cuve (8) + Sorting (18) + Cargo (8) + Hook/Unhook (2) + Gangway (1)
Sun,2025-07-06,IZURDIA,214.39,30,1.2,7718.04,Extramen Sorting (18) + Cargo (8) + Hook/Unhook (2) + Gangway (1) + Skiff Attendant (1)
Mon,2025-07-07,DONIENE,291.01,37,0.8,8613.896,Extramen Cuve (8) + Sorting (18) + Cargo (8) + Hook/Unhook (2) + Gangway (1)
Tue,2025-07-08,DONIENE,260.98,37,0.8,7725.008,Extramen Cuve (8) + Sorting (18) + Cargo (8) + Hook/Unhook (2) + Gangway (1)
Tue,2025-07-08,LAYLA,347.23,14,0.8,3888.976,Extramen Fond Cuve (8) + Sorting (6)
Wed,2025-07-09,LAYLA,282.55,14,0.8,3164.56,Extramen Fond Cuve (8) + Sorting (6)
Wed,2025-07-09,ATERPE ALAI,180.38,23,0.8,3318.992,Extramen Sorting (12) + Cargo (8) + Gangway (1) + Hook/Unhook (2)
Thu,2025-07-10,ATERPE ALAI,144.49,27,0.8,3120.984,Extramen Sorting (16) + Cargo (8) + Gangway (1) + Hook/Unhook (2)
Mon,2025-07-14,TXORI BERRI,301.491,22,0.8,5306.242,Extramen Cuve (16) + CCCS (6)
Tue,2025-07-15,TXORI BERRI,318.72,37,0.8,9434.112,Extramen Cuve (16) + Cargo (16) + Hook/Unhook (3)  + Gangway (2)
Wed,2025-07-16,TXORI BERRI,132.89,18,0.8,1913.616,Extramen Cargo (16) + Hook/Unhook (1)  + Gangway (1)
Wed,2025-07-16,NOUR,294.79,12,0.8,2829.984,Extramen Fond Cuve (8) + Sorting (4)
Thu,2025-07-17,NOUR,77.24,12,0.8,741.504,Extramen Fond Cuve (8) + Sorting (4)
Thu,2025-07-17,ALAKRANA,308.74,31,0.8,7656.752,Extramen Cargo (12) + Sorting (14) + Winchmen (2) + Hoon/Unhook (2) + Gangway (1)
Fri,2025-07-18,TXORI TOKI,297.52,42,0.8,9996.672,Extramen Sorting (16) + Cargo (20) + Winchmen (2) + Gangway (2) + Hook/Unhook (2)
Fri,2025-07-18,ALAKRANA,337.75,31,0.8,8376.2,Extramen Cargo (12) + Sorting (14) + Winchmen (2) + Hoon/Unhook (2) + Gangway (1)
Sat,2025-07-19,JAI ALAI,297.27,27,0.8,6421.032,Extramen Sorting (16) +Cargo (8) + Hook/Unhook (2) + Gangway (1)
Sat,2025-07-19,TXORI TOKI,238.12,42,0.8,8000.832,Extramen Sorting (16) + Cargo (20) + Winchmen (2) + Gangway (2) + Hook/Unhook (2)
Sat,2025-07-19,ALAKRANA,404.324,14,0.8,4528.429,Extramen Sorting (14)
Sun,2025-07-20,BERNICA,112.64,10,1.2,1351.68,Extramen Cargo (10)
Sun,2025-07-20,JAI ALAI,269.35,44,1.2,14221.68,Extramen Sorting (16) + Cargo (20) + Gangway (2) + Winchmen (2) + Hoo/Unhook (4)
Mon,2025-07-21,BERNICA,114.83,12,0.8,1102.368,Extramen -40 (10) + Pont (2)
Mon,2025-07-21,JAI ALAI,239.74,27,0.8,5178.384,Extramen Sorting (16) + Cargo (8) + Hook/Unhook (2) + Gangway (1)
Tue,2025-07-22,JAI ALAI,223.65,27,0.8,4830.84,Extramen Sorting (16) + Cargo (8) + Hook/Unhook (2) + Gangway (1)
Tue,2025-07-22,EUSKADI ALAI,283.358,12,0.8,2720.237,Extramen Sorting (12)
Wed,2025-07-23,EUSKADI ALAI,270.91,12,0.8,2600.736,Extramen Sorting (12)
Wed,2025-07-23,ELAI ALAI,175.81,12,0.8,1687.776,Extramen Well Support (8) + Brine (4)
Thu,2025-07-24,ELAI ALAI,222.385,16,0.8,2846.528,Extramen Well Support (12) + Brine (4)
Fri,2025-07-25,ELAI ALAI,175.03,4,0.8,560.096,Extramen Brine (4)
Fri,2025-07-25,ALBACORA CUATRO,315.77,57,0.8,14399.112,Extramen Cargo (12) + Well Support (36) + Fond Cuve (8) + Gangway (1)
Sat,2025-07-26,ELAI ALAI,121.5,4,0.8,388.8,Extramen Brine (4)
Sat,2025-07-26,ALBACORA CUATRO,242.04,57,0.8,11037.024,Extramen Cargo (12) + Well Support (36) + Fond Cuve (8) + Gangway (1)
Sun,2025-07-27,ALBACORA CUATRO,172.08,57,1.2,11770.272,Extramen Cargo (12) + Well Support (36) + Fond Cuve (8) + Gangway (1)
Mon,2025-07-28,ALBACORA CUATRO,255.65,61,0.8,12475.72,Extramen Cargo (12) + Well Support (36) + Fond Cuve (8) + Gangway (1)  + Net(4)
Tue,2025-07-29,ALBACORA CUATRO,142.99,50,0.8,5719.6,Extramen Cargo (12) + Well Support (29) + Fond Cuve (8) + Gangway (1)
Tue,2025-07-29,LAYLA,322.71,10,0.8,2581.68,Extramen Fond Cuve (8) + Sorting (2)
Sat,2025-08-02,DRACO,390.41,30,0.8,9369.84,Extramen Sorting (12) + Fond Cuve (8) + Brine (8) + Hook/Unhook (2)
Sun,2025-08-03,IZARO,194.76,check,1.2,5609.088,Extramen Sorting (16) + Brine (8)
Sun,2025-08-03,DRACO,352.28,30,1.2,12682.08,Extramen Sorting (12) + Fond Cuve (8) + Brine (8) + Hook/Unhook (2)
Tue,2025-08-05,ATERPE ALAI,281.63,check,0.8,5407.296,Extramen Sorting (16) + Brine (8)
Fri,2025-08-08,DONIENE,330.54,37,0.8,9783.984,Extramen Sorting (16) + Cargo (8) + Brine (10) + Gangway (1) + Hook/Unhook (2)
Sat,2025-08-09,DONIENE,298.53,37,0.8,8836.488,Extramen Sorting (16) + Cargo (8) + Brine (10) + Gangway (1) + Hook/Unhook (2)
Sun,2025-08-10,DONIENE,138.3,37,1.2,6140.52,Extramen Sorting (16) + Cargo (8) + Brine (10) + Gangway (1) + Hook/Unhook (2)
Mon,2025-08-11,FRANCHE TERRE,188.25,30,0.8,4518.0,Extramen Cargo (12) + Sorting (3) + -40(10) + Hook / Unhook (4) + Gangway (1)
Tue,2025-08-12,FRANCHE TERRE,181.74,23,0.8,3344.016,Extramen Cargo (6) + -40(10) + Hook / Unhook (4) + Gangway (1) + Winchmen (2)
Wed,2025-08-13,FRANCHE TERRE,57.5,10,0.8,460.0,Extramen  -40 (10)
Wed,2025-08-13,IZURDIA,359.11,35,0.8,10055.08,Extramen Sorting (16) + Cargo (8) + Brine (6) + Gangway (1) + Hook/Unhook (2) + Skiff Attendant (2)
Thu,2025-08-14,IZURDIA,334.02,33,0.8,8818.128,Extramen Sorting (16) + Cargo (8) + Brine (6) + Gangway (1) + Hook/Unhook (2)
Thu,2025-08-14,TXORI BERRI,295.497,27,0.8,6382.735,Extramen Brine (16) + Cargo (8) + Gangway (1) + Hook/Unhook (2)
PH,2025-08-15,IZURDIA,141.84,27,1.2,4595.616,Extramen Sorting (16) + Cargo (8) + Gangway (1) + Hook/Unhook (2)
PH,2025-08-15,TXORI BERRI,191.51,14,1.2,3217.368,Extramen Brine (6) + Cargo (8)
Sat,2025-08-16,TXORI BERRI,172.882,18,0.8,2489.501,Extramen Brine (8) + Cargo (8) + Hook/Unhook (2)
Sun,2025-08-17,TXORI GORRI,305.934,28,1.2,10279.382,Extramen Sorting (16) + Brine (4) + CCCS (8)
Mon,2025-08-18,TXORI GORRI,351.197,24,0.8,6742.982,Extramen Sorting (16) + Brine (4) + CCCS (4)
Mon,2025-08-18,ITSAS TXORI,304.436,28,0.8,6819.366,Extramen Sorting (16) + Brine (4) + CCCS (8)
Tue,2025-08-19,TXORI GORRI,312.767,24,0.8,6005.126,Extramen Sorting (16) + Brine (4) + CCCS (4)
Tue,2025-08-19,ITSAS TXORI,284.216,39,0.8,8867.539,Extramen Cargo (12) + Sorting (16) + Brine (4) + CCCS (4) +Winchmen (2) + Gangway (1)
Tue,2025-08-19,AVEL VAD,214.0,12,0.8,2054.4,Extramen Fond Cuve (8) + Sorting (4)
Wed,2025-08-20,AVEL VAD,268.3,12,0.8,2575.68,Extramen Fond Cuve (8) + Sorting (4)
Wed,2025-08-20,ITSAS TXORI,378.754,28,0.8,8484.09,Extramen Cargo (8) + Sorting (16) + CCCS (4)
Wed,2025-08-20,TXORI GORRI,295.765,24,0.8,5678.688,Extramen Sorting (16) + Brine (4) + CCCS (4)
Thu,2025-08-21,TXORI GORRI,82.783,15,0.8,993.396,Extramen Sorting (15)
Thu,2025-08-21,AVEL VAD,246.54,12,0.8,2366.784,Extramen Fond Cuve (8) + Sorting (4)
Thu,2025-08-21,ITSAS TXORI,247.84,25,0.8,4956.8,Extramen Cargo (8) + Sorting (16) + Gangway (1)
Fri,2025-08-22,ALAKRANA,277.43,15,0.8,3329.16,Extramen Cargo (8) + Sorting (6) + Gangway (1)
Fri,2025-08-22,EUSKADI ALAI,196.3,12,0.8,1884.48,Extramen Sorting (12)
Sat,2025-08-23,ALAKRANA,281.44,29,0.8,6529.408,Extramen Sorting (12) + Cargo (8) + Winchmen (4) + Gangway (2) + Hook/UnHook (1)
Sat,2025-08-23,EUSKADI ALAI,210.87,12,0.8,2024.352,Extramen Sorting (12)
Sun,2025-08-24,ALAKRANA,142.66,5,1.2,855.96,Extramen Sorting (5)
Sun,2025-08-24,EUSKADI ALAI,227.74,16,1.2,4372.608,Extramen Sorting (16)
Sun,2025-08-24,JAI ALAI,249.015,check,1.2,7171.632,Extramen Sorting (16) + CCCS (4) + Brine (4)
Mon,2025-08-25,ELAI ALAI,233.93,24,0.8,4491.456,Extramen Cargo (8) + Brine (14) + Hook/Unhook (2)
Mon,2025-08-25,EUSKADI ALAI,187.51,16,0.8,2400.128,"OT 31.540T Brine @ 150%, 16 Stevedores * 4 Hours / Extramen Sorting (16)"
Mon,2025-08-25,JAI ALAI,230.415,14,0.8,2580.648,Extramen Sorting (14)
Tue,2025-08-26,ELAI ALAI,234.7,21,0.8,3942.96,Extramen Cargo (8) + Brine (12) + Gangway (1)
Tue,2025-08-26,JAI ALAI,220.294,16,0.8,2819.763,Extramen Sorting (16)
Wed,2025-08-27,ELAI ALAI,226.2,21,0.8,3800.16,Extramen Cargo (8) + Brine (12) + Gangway (1)
Wed,2025-08-27,JAI ALAI,223.241,16,0.8,2857.485,Extramen Sorting (16)
Thu,2025-08-28,IZARO,271.546,34,0.8,7386.051,Extramen Sorting (16) + Cargo (12) + Brine (4) + Winchmen (2)
Thu,2025-08-28,JAI ALAI,282.245,16,0.8,3612.736,Extramen Sorting (16)
Fri,2025-08-29,IZARO,288.81,27,0.8,6238.296,Extramen Sorting (16) + Cargo (8) + Hook/Unhook (2) + Gangway (1)
Sat,2025-08-30,BERNICA,325.49,26,0.8,6770.192,Extramen Sorting (10) + Brine (6) + -40 (10)
Sat,2025-08-30,IZARO,153.23,27,0.8,3309.768,Extramen Sorting (16) + Cargo (8) + Hook/Unhook (2) + Gangway (1)
Sun,2025-08-31,BERNICA,173.03,26,1.2,5398.536,Extramen Sorting (10) + Brine (6) + -40 (10)
Mon,2025-09-01,HAWWA,293.31,14,0.8,3285.072,Extramen Sorting (6) + Fond Cuve (8)
Mon,2025-09-01,BERNICA,163.05,15,0.8,1956.6,Extramen Sorting (5) + -40 (10)
Tue,2025-09-02,HAWWA,293.35,14,0.8,3285.52,Extramen Sorting (6) + Fond Cuve (8)
Tue,2025-09-02,BERNICA,138.09,14,0.8,1546.608,Extramen Sorting (4) + -40 (10)
Tue,2025-09-02,PACIFIC STAR,128.788,57,0.8,5872.733,Extramen Brine (16) + Net (12) + Well Support (21) + Fond Cuve (8)
Wed,2025-09-03,BERNICA,90.56,2,0.8,144.896,Extramen Sorting (2)
Wed,2025-09-03,PACIFIC STAR,198.502,69,0.8,10957.31,Extramen Brine (16) + Net (16) + Well Support (29) + Fond Cuve (8)
Thu,2025-09-04,PACIFIC STAR,216.613,76,0.8,13170.07,Extramen Brine (23) + Net (16) + Well Support (29) + Fond Cuve (8)
Thu,2025-09-04,ADAMAS,219.157,16,0.8,2805.21,Extramen Sorting (8) + Fond Cuve (8)
Fri,2025-09-05,PACIFIC STAR,263.243,76,0.8,16005.174,Extramen Brine (23) + Net (16) + Well Support (29) + Fond Cuve (8)
Fri,2025-09-05,ADAMAS,209.819,16,0.8,2685.683,Extramen Sorting (8) + Fond Cuve (8)
Sat,2025-09-06,PACIFIC STAR,262.73,76,0.8,15973.984,Extramen Brine (23) + Net (16) + Well Support (29) + Fond Cuve (8)
Sat,2025-09-06,ADAMAS,77.323,16,0.8,989.734,Extramen Sorting (8) + Fond Cuve (8)
Sun,2025-09-07,PACIFIC STAR,41.69,87,1.2,4352.436,Extramen Brine (23) + Net (16) + Well Support (29) + Fond Cuve (8) + Cargo (10) + Gangway (1)
Mon,2025-09-08,ACILA,189.744,14,0.8,2125.133,Extramen Sorting (6) + Fond Cuve (8)
Mon,2025-09-08,PACIFIC STAR,119.76,50,0.8,4790.4,Extramen  Well Support (20) + Fond Cuve (8) + Cargo (18) + Gangway (1) + 3 Hook/Unhook (3)
Tue,2025-09-09,PACIFIC STAR,180.01,73,0.8,10512.584,Extramen Brine (16) + Net (16) + Well Support (19) + Fond Cuve (8) + Cargo (10) + Gangway (1) + Hook/Unhook (3)
Tue,2025-09-09,NOUR,237.14,14,0.8,2655.968,Extramen Sorting (4) + Fond Cuve (8) + Hook / Unhook (2)
Tue,2025-09-09,ALBACORA CUATRO,256.98,46,0.8,9456.864,Extramen Cargo (12) + Well Support (20) + Fond Cuve (8) + Gangway (1) + Hook/Unhook (2) + Net (3)
Tue,2025-09-09,ACILA,199.295,14,0.8,2232.104,Extramen Sorting (6) + Fond Cuve (8)
Wed,2025-09-10,ACILA,238.539,14,0.8,2671.637,Extramen Sorting (6) + Fond Cuve (8)
Wed,2025-09-10,ALBACORA CUATRO,263.02,46,0.8,9679.136,Extramen Cargo (12) + Well Support (20) + Fond Cuve (8) + Gangway (1) + Hook/Unhook (2) + Net (3)
Wed,2025-09-10,NOUR,107.33,14,0.8,1202.096,Extramen Sorting (4) + Fond Cuve (8) + Hook / Unhook (2)
Wed,2025-09-10,PACIFIC STAR,62.54,14,0.8,700.448,Extramen Fond Cuve (8) + Gangway (1) + Hook/Unhook (2) + Net (3)
Thu,2025-09-11,ACILA,226.332,14,0.8,2534.918,Extramen Sorting (6) + Fond Cuve (8)
Thu,2025-09-11,ALBACORA CUATRO,248.66,46,0.8,9150.688,Extramen Cargo (12) + Well Support (20) + Fond Cuve (8) + Gangway (1) + Hook/Unhook (2) + Net (3)
Fri,2025-09-12,ATERPE ALAI,208.3,16,0.8,2666.24,Extramen Sorting (16)
Fri,2025-09-12,ALBACORA CUATRO,31.55,4,0.8,100.96,Extramen Fond Cuve (4)
Fri,2025-09-12,ACILA,205.357,14,0.8,2299.998,Extramen Sorting (6) + Fond Cuve (8)
Sat,2025-09-13,ATERPE ALAI,193.6,16,0.8,2478.08,Extramen Sorting (16)
Sat,2025-09-13,ACILA,112.772,14,0.8,1263.046,Extramen Sorting (6) + Fond Cuve (8)
Sat,2025-09-13,IZURDIA,240.75,48,0.8,9244.8,Extramen Cargo (20) + Sorting (20) + Winchmen (2) + Hook/Unhook (2) + Skiff Attendant (2) +Gangway (2)
Sat,2025-09-13,GALERNA TRES,242.11,42,0.8,8134.896,Extramen Cargo (20) + Sorting (16) + Winchmen (2) + Hook/Unhook (2)  +Gangway (2)
Sun,2025-09-14,ATERPE ALAI,171.32,16,1.2,3289.344,Extramen Sorting (16)
Sun,2025-09-14,IZURDIA,229.7,48,1.2,13230.72,Extramen Cargo (20) + Sorting (20) + Winchmen (2) + Hook/Unhook (2) + Skiff Attendant (2) +Gangway (2)
Sun,2025-09-14,GALERNA TRES,209.14,42,1.2,10540.656,Extramen Cargo (20) + Sorting (16) + Winchmen (2) + Hook/Unhook (2)  +Gangway (2)
Sun,2025-09-14,TXORI BERRI,157.511,16,1.2,3024.211,Extramen Brine (16)
Mon,2025-09-15,GALERNA TRES,209.12,42,0.8,7026.432,Extramen Cargo (20) + Sorting (16) + Winchmen (2) + Hook/Unhook (2)  +Gangway (2)
Mon,2025-09-15,ATERPE ALAI,225.66,12,0.8,2166.336,Extramen Sorting (12)
Mon,2025-09-15,GALERNA LAU,282.515,28,0.8,6328.336,Extramen Cargo (8) + Sorting (12) + Winchmen (2) + Hook/Unhook (2)  + Skiff Attendant (2) + Gangway (2)
Mon,2025-09-15,TXORI BERRI,171.766,16,0.8,2198.605,Extramen Brine (16)
Mon,2025-09-15,IZURDIA,229.79,50,0.8,9191.6,Extramen Cargo (20) + Sorting (20) + Winchmen (2) + Hook/Unhook (4) + Net (2) +Gangway (2)
Tue,2025-09-16,GALERNA LAU,207.095,28,0.8,4638.928,Extramen Cargo (8) + Sorting (12) + Winchmen (2) + Hook/Unhook (2)  + Skiff Attendant (2) + Gangway (2)
Tue,2025-09-16,GALERNA TRES,279.47,42,0.8,9390.192,Extramen Cargo (20) + Sorting (16) + Winchmen (2) + Hook/Unhook (2)  +Gangway (2)
Tue,2025-09-16,IZURDIA,251.07,50,0.8,10042.8,Extramen Cargo (20) + Sorting (20) + Winchmen (2) + Hook/Unhook (4) + Net (2) +Gangway (2)
Tue,2025-09-16,TXORI BERRI,229.4,16,0.8,2936.32,Extramen Brine (16)
Wed,2025-09-17,GALERNA TRES,217.02,48,0.8,8333.568,Extramen Brine (6) + Cargo (20) + Sorting (16) + Winchmen (2) + Hook/Unhook (2)  +Gangway (2)
Wed,2025-09-17,IZURDIA,319.78,50,0.8,12791.2,Extramen Cargo (20) + Sorting (20) + Winchmen (2) + Hook/Unhook (4) + Net (2) +Gangway (2)
Wed,2025-09-17,GALERNA LAU,208.27,28,0.8,4665.248,Extramen Cargo (8) + Sorting (12) + Winchmen (2) + Hook/Unhook (2)  + Skiff Attendant (2) + Gangway (2)
Wed,2025-09-17,TXORI BERRI,253.479,16,0.8,3244.531,Extramen Brine (16)
Thu,2025-09-18,ALAKRANA,327.181,12,0.8,3140.938,Extramen Sorting (12)
Thu,2025-09-18,TXORI BERRI,178.781,16,0.8,2288.397,Extramen Brine (16)
Thu,2025-09-18,IZURDIA,113.18,20,0.8,1810.88,Extramen Cargo (8) + Sorting (12)
Thu,2025-09-18,DONIENE,202.42,43,0.8,6963.248,Extramen Cargo (20) + Sorting (15) + Gangway (2) + Winchmen (2) + Cuve (4)
Fri,2025-09-19,TXORI BERRI,163.469,22,0.8,2877.054,Extramen Brine (16) + CCCS (6)
Fri,2025-09-19,DONIENE,307.1,48,0.8,11792.64,Extramen Cargo (20) + Sorting (14) + Gangway (2) + Winchmen (2) + Cuve (10)
Fri,2025-09-19,ALAKRANA,404.08,18,0.8,5818.752,
Sat,2025-09-20,DONIENE,301.17,48,0.8,11564.928,Extramen Cargo (20) + Sorting (14) + Gangway (2) + Winchmen (2) + Cuve (10)
Sat,2025-09-20,ALAKRANA,376.61,18,0.8,5423.184,Extramen Sorting (14) + CCCS (4)
Sat,2025-09-20,GALERNA DOS,267.36,12,0.8,2566.656,Extramen Sorting (12)
Sat,2025-09-20,JAI ALAI,158.852,27,0.8,3431.203,Extramen Sorting (12) + Cargo (12) + Gangway (1) + Hook/Unhook (2)
Sun,2025-09-21,DONIENE,231.31,48,1.2,13323.456,Extramen Cargo (20) + Sorting (14) + Gangway (2) + Winchmen (2) + Cuve (10)
Sun,2025-09-21,ALAKRANA,253.887,18,1.2,5483.959,Extramen Sorting (14) + CCCS (4)
Sun,2025-09-21,GALERNA DOS,257.91,12,1.2,3713.904,Extramen Sorting (12)
Sun,2025-09-21,JAI ALAI,158.655,27,1.2,5140.422,Extramen Sorting (12) + Cargo (12) + Gangway (1) + Hook/Unhook (2)
Sun,2025-09-21,IZARO,116.064,6,1.2,835.661,Extramen Sorting (6)
Sun,2025-09-21,EUSKADI ALAI,208.723,17,1.2,4257.949,Extramen Sorting (6) + Cargo (8) + Gangway (1) + Hook/Unhook (2)
Mon,2025-09-22,IZARO,156.357,12,0.8,1501.027,Extramen Sorting (12)
Mon,2025-09-22,EUSKADI ALAI,164.659,27,0.8,3556.634,Extramen Sorting (12) + Cargo (8) + Gangway (1) + Hook/Unhook (2) + CCCS (4)
Mon,2025-09-22,JAI ALAI,159.794,27,0.8,3451.55,Extramen Sorting (12) + Cargo (12) + Gangway (1) + Hook/Unhook (2)
Mon,2025-09-22,GALERNA DOS,219.23,32,0.8,5612.288,Extramen Sorting (12) +Cargo (16) + Hook/Unhook (2) + Gangway (2)
Mon,2025-09-22,DONIENE,205.39,32,0.8,5257.984,Extramen Cargo (8) + Sorting (14) + Cuve (10)
Tue,2025-09-23,GALERNA DOS,273.612,38,0.8,8317.805,Extramen Sorting (12) +Cargo (16) + Hook/Unhook (2) + Gangway (2) + CCCS (6)
Tue,2025-09-23,EUSKADI ALAI,163.631,31,0.8,4058.049,Extramen Cargo (8) + Sorting (14) + CCCS (6) + Gangway (1) + Hook/Unhook (2)
Tue,2025-09-23,IZARO,183.313,12,0.8,1759.805,
Tue,2025-09-23,JAI ALAI,220.969,35,0.8,6187.132,Extramen Sorting (16) + Cargo (12) + Gangway (1) + Hook/Unhook (2) + CCCS (4)
Tue,2025-09-23,DONIENE,234.64,26,0.8,4880.512,Extramen Sorting (14) + Cuve (12)
Wed,2025-09-24,EUSKADI ALAI,221.467,31,0.8,5492.382,Extramen Cargo (8) + Sorting (14) + CCCS (6) + Gangway (1) + Hook/Unhook (2)
Wed,2025-09-24,GALERNA DOS,188.826,38,0.8,5740.31,Extramen Sorting (12) +Cargo (16) + Hook/Unhook (2) + Gangway (2) + CCCS (6)
Wed,2025-09-24,JAI ALAI,201.702,35,0.8,5647.656,Extramen Sorting (16) + Cargo (12) + Gangway (1) + Hook/Unhook (2) + CCCS (4)
Wed,2025-09-24,DONIENE,211.33,26,0.8,4395.664,Extramen Sorting (14) + Cuve (12)
Thu,2025-09-25,GALERNA DOS,214.002,31,0.8,5307.25,Extramen Sorting (12) + Cargo (12) + Brine (6) + Gangway (1)
Thu,2025-09-25,EUSKADI ALAI,268.531,31,0.8,6659.569,Extramen Cargo (8) + Sorting (14) + CCCS (6) + Gangway (1) + Hook/Unhook (2)
Thu,2025-09-25,JAI ALAI,178.962,35,0.8,5010.936,Extramen Sorting (16) + Cargo (12) + Gangway (1) + Hook/Unhook (2) + CCCS (4)
Thu,2025-09-25,DONIENE,176.13,12,0.8,1690.848,"OT 6.150T Brine @ 150%, 12 Stevedores * 2 Hours / Extramen Sorting (12)"
Fri,2025-09-26,JAI ALAI,88.93,13,0.8,924.872,Extramen Cargo (12) + Gangway (1)
Fri,2025-09-26,EUSKADI ALAI,208.05,24,0.8,3994.56,Extramen Cargo (8) + Sorting (12) + CCCS (4)
Fri,2025-09-26,GALERNA DOS,130.54,4,0.8,417.728,Extramen CCCS (4)
Mon,2025-09-29,DOLOMIEU,131.34,14,0.8,1471.008,Extramen Sorting (4) + -40 (10)
Mon,2025-09-29,ALBACAN,201.833,13,0.8,2099.063,Extramen Well Support (13)
Mon,2025-09-29,ADAMAS,154.797,16,0.8,1981.402,Extramen Sorting (8) + Fond Cuve (8)
Tue,2025-09-30,DOLOMIEU,162.4,14,0.8,1818.88,Extramen Sorting (4) + -40 (10)
Tue,2025-09-30,ALBACAN,226.343,24,0.8,4345.786,Extramen Well Support (24)
Tue,2025-09-30,ADAMAS,174.628,16,0.8,2235.238,Extramen Sorting (8) + Fond Cuve (8)
Tue,2025-09-30,ELAI ALAI,224.49,25,0.8,4489.8,Extramen Cargo (12) + Cuve (8) + Winchmen (2) + Hook/Unhook (2) + Gangway (1)
Wed,2025-10-01,ALBACAN,145.953,24,0.8,2802.298,Extramen Well Support (24)
Wed,2025-10-01,ADAMAS,109.348,16,0.8,1399.654,Extramen Sorting (8) + Fond Cuve (8)
Wed,2025-10-01,ELAI ALAI,247.168,25,0.8,4943.36,Extramen Cargo (12) + Cuve (8) + Winchmen (2) + Hook/Unhook (2) + Gangway (1)
Thu,2025-10-02,ALBACAN,157.031,24,0.8,3014.995,Extramen Well Support (24)
Thu,2025-10-02,ADAMAS,139.468,16,0.8,1785.19,Extramen Sorting (8) + Fond Cuve (8)
Thu,2025-10-02,FRANCHE TERRE,325.37,25,0.8,6507.4,Extramen Sorting (9) + Brine (6) + -40 (10)
Fri,2025-10-03,ALBACAN,255.59,24,0.8,4907.328,Extramen Well Support (24)
Fri,2025-10-03,ADAMAS,163.545,16,0.8,2093.376,Extramen Sorting (8) + Fond Cuve (8)
Fri,2025-10-03,IZARO,190.105,18,0.8,2737.512,Extramen Sorting (12) + CCCS (6)
Fri,2025-10-03,FRANCHE TERRE,261.33,24,0.8,5017.536,Extramen Sorting (8) + Brine (6) + -40 (10)
Sat,2025-10-04,ADAMAS,172.247,16,0.8,2204.762,Extramen Sorting (8) + Fond Cuve (8)
Sat,2025-10-04,IZARO,188.405,18,0.8,2713.032,Extramen Sorting (12) + CCCS (6)
Sat,2025-10-04,FRANCHE TERRE,158.66,16,0.8,2030.848,Extramen Sorting (6) + -40 (10)
Sun,2025-10-05,ADAMAS,160.491,16,1.2,3081.427,Extramen Sorting (8) + Fond Cuve (8)
Sun,2025-10-05,IZARO,187.195,18,1.2,4043.412,Extramen Sorting (12) + CCCS (6)
Mon,2025-10-06,IZARO,239.677,22,0.8,4218.315,Extramen Sorting (16) + CCCS (6)
Mon,2025-10-06,EGALABUR,275.32,20,0.8,4405.12,Extramen Sorting (20)
Tue,2025-10-07,IZARO,124.32,18,0.8,1790.208,Extramen Sorting (12) + CCCS (6)
Tue,2025-10-07,EGALABUR,280.18,32,0.8,7172.608,Extramen Sorting (20) + Brine (12)
Wed,2025-10-08,EGALABUR,312.27,32,0.8,7994.112,Extramen Sorting (20) + Brine (12)
Thu,2025-10-09,EGALABUR,145.75,32,0.8,3731.2,Extramen Sorting (20) + Brine (12)
Fri,2025-10-10,ATERPE ALAI,263.517,18,0.8,3794.645,Extramen Sorting (12) + CCCS (6)
PH,2025-10-13,DOLOMIEU,302.66,26,1.2,9442.992,Extramen Sorting (8) + Brine (6) + Pont (2) + -40 (10)
PH,2025-10-13,ATERPE ALAI,208.581,18,1.2,4505.35,Extramen Sorting (12) + CCCS (6)
PH,2025-10-13,JAI ALAI,171.169,12,1.2,2464.834,Extramen Sorting (12)
Tue,2025-10-14,DOLOMIEU,275.33,26,0.8,5726.864,Extramen Sorting (8) + Brine (6) + Pont (2) + -40 (10)
Tue,2025-10-14,ATERPE ALAI,215.73,18,0.8,3106.512,Extramen Sorting (12) + CCCS (6)
Tue,2025-10-14,JAI ALAI,210.093,12,0.8,2016.893,Extramen Sorting (12)
Wed,2025-10-15,DOLOMIEU,186.22,19,0.8,2830.544,Extramen Sorting (4) + Brine (3) + Pont (2) + -40 (10)
Wed,2025-10-15,ATERPE ALAI,195.62,18,0.8,2816.928,Extramen Sorting (12) + CCCS (6)
Wed,2025-10-15,JAI ALAI,185.417,12,0.8,1780.003,Extramen Sorting (12)
Thu,2025-10-16,DOLOMIEU,184.72,13,0.8,1921.088,Extramen Sorting (3) + -40 (10)
Thu,2025-10-16,ATERPE ALAI,205.174,18,0.8,2954.506,Extramen Sorting (12) + CCCS (6)
Thu,2025-10-16,JAI ALAI,44.848,12,0.8,430.541,Extramen Sorting (12)
Fri,2025-10-17,DOLOMIEU,75.75,13,0.8,787.8,Extramen Sorting (3) + -40 (10)
Fri,2025-10-17,ATERPE ALAI,89.209,12,0.8,856.406,Extramen Sorting (12)
Fri,2025-10-17,EUSKADI ALAI,216.163,18,0.8,3112.747,Extramen Sorting (12) + CCCS (6)
Sat,2025-10-18,EUSKADI ALAI,223.575,18,0.8,3219.48,Extramen Sorting (12) + CCCS (6)
Sat,2025-10-18,TXORI GORRI,298.819,2,0.8,478.11,Extramen Sorting (2)
Sun,2025-10-19,EUSKADI ALAI,209.458,18,1.2,4524.293,Extramen Sorting (12) + CCCS (6)
Mon,2025-10-20,EUSKADI ALAI,189.107,11,0.8,1664.142,Extramen Sorting (11)
Mon,2025-10-20,ALAKRANA,211.64,18,0.8,3047.616,Extramen Sorting (12) + CCCS (6)
Tue,2025-10-21,EUSKADI ALAI,206.102,11,0.8,1813.698,Extramen Sorting (11)
Tue,2025-10-21,ALAKRANA,237.25,18,0.8,3416.4,Extramen Sorting (12) + CCCS (6)
Tue,2025-10-21,FRANCHE TERRE,173.58,18,0.8,2499.552,Extramen Sorting (8) + -40 (10)
Wed,2025-10-22,EUSKADI ALAI,115.332,8,0.8,738.125,Extramen Sorting (8)
Wed,2025-10-22,ALAKRANA,272.148,18,0.8,3918.931,Extramen Sorting (12) + CCCS (6)
Wed,2025-10-22,FRANCHE TERRE,193.51,18,0.8,2786.544,Extramen Sorting (8) + -40 (10)
Thu,2025-10-23,ALAKRANA,213.987,18,0.8,3081.413,Extramen Sorting (12) + CCCS (6)
Thu,2025-10-23,FRANCHE TERRE,211.95,28,0.8,4747.68,Extramen Sorting (12) + Cuve (6) + -40 (10)
Thu,2025-10-23,IZURDIA,201.188,14,0.8,2253.306,Extramen Sorting (12) + CCCS (2)
Fri,2025-10-24,ALAKRANA,224.353,22,0.8,3948.613,Extramen Sorting (16) + CCCS (6)
Fri,2025-10-24,FRANCHE TERRE,220.43,28,0.8,4937.632,Extramen Sorting (12) + Cuve (6) + -40 (10)
Fri,2025-10-24,IZURDIA,228.74,14,0.8,2561.888,Extramen Sorting (12) + CCCS (2)
Sat,2025-10-25,ALAKRANA,208.116,22,0.8,3662.842,Extramen Sorting (16) + CCCS (6)
Sat,2025-10-25,FRANCHE TERRE,175.12,28,0.8,3922.688,Extramen Sorting (12) + Cuve (6) + -40 (10)
Sat,2025-10-25,IZURDIA,217.545,8,0.8,1392.288,Extramen Sorting (8)
Sun,2025-10-26,ALAKRANA,236.271,22,1.2,6237.554,Extramen Sorting (16) + CCCS (6)
Sun,2025-10-26,FRANCHE TERRE,31.2,9,1.2,336.96,Extramen Sorting (6) + -40 (3)
PH,2025-10-27,ALAKRANA,67.086,22,1.2,1771.07,Extramen Sorting (16) + CCCS (6)
Tue,2025-10-28,JAI ALAI,252.955,18,0.8,3642.552,Extramen Sorting (12) + CCCS (6)
Wed,2025-10-29,JAI ALAI,312.179,18,0.8,4495.378,Extramen Sorting (12) + CCCS (6)
Thu,2025-10-30,JAI ALAI,81.928,15,0.8,983.136,Extramen Sorting (12) + CCCS (3)
Fri,2025-10-31,JAI ALAI,164.993,15,0.8,1979.916,Extramen Sorting (12) + CCCS (3)
Fri,2025-10-31,ADAMAS,224.76,20,0.8,3596.16,Extramen Sorting (12) +Fond Cuve (8)
Fri,2025-10-31,EGALABUR,182.672,8,0.8,1169.101,Extramen Sorting (8)
PH,2025-11-01,JAI ALAI,256.396,12,1.2,3692.102,Extramen Sorting (12)
Mon,2025-11-03,IZARO,278.491,45,0.8,10025.676,Extramen Cargo (20) + Sorting (12) + CCCS (6) + Hook/Unhook (3) + Winchmen (2) + Gangway (2)
Mon,2025-11-03,PLAYA DE RIS,296.33,3,0.8,711.192,Extramen Cuve (3)
Tue,2025-11-04,PLAYA DE RIS,190.67,15,0.8,2288.04,Extramen Cargo (12) + Gangway (1) + Hook / Unhook (2)
Tue,2025-11-04,IZARO,208.246,26,0.8,4331.517,Extramen Cargo (8) + Sorting (12) + Hook/Unhook (2) + Gangway (1) + CCCS (3)
Tue,2025-11-04,ADAMAS,178.95,20,0.8,2863.2,Extramen Sorting (12) + Fond Cuve (8)
Wed,2025-11-05,ADAMAS,256.97,20,0.8,4111.52,Extramen Sorting (12) + Fond Cuve (8)
Wed,2025-11-05,IZARO,299.924,26,0.8,6238.419,Extramen Cargo (8) + Sorting (12) + Hook/Unhook (2) + Gangway (1) + CCCS (3)
Thu,2025-11-06,ADAMAS,165.13,20,0.8,2642.08,Extramen Sorting (12) + Fond Cuve (8)
Thu,2025-11-06,DOLOMIEU,130.2,18,0.8,1874.88,Extramen Sorting (8) + -40 (10)
Thu,2025-11-06,IZARO,250.264,26,0.8,5205.491,Extramen Cargo (8) + Sorting (12) + Hook/Unhook (2) + Gangway (1) + CCCS (3)
Thu,2025-11-06,PLAYA DE RIS,276.63,15,0.8,3319.56,Extramen Cargo (12) + Gangway (1) + Hook / Unhook (2)
Fri,2025-11-07,DOLOMIEU,110.56,18,0.8,1592.064,Extramen Sorting (8) + -40 (10)
Fri,2025-11-07,IZARO,145.386,26,0.8,3024.029,Extramen Cargo (8) + Sorting (12) + Hook/Unhook (2) + Gangway (1) + CCCS (3)
Fri,2025-11-07,PLAYA DE RIS,216.23,10,0.8,1729.84,Extramen Cargo (10)
Sat,2025-11-08,PLAYA DE RIS,37.24,check,0.8,297.92,Extramen Cargo (10)
Sat,2025-11-08,EGALABUR,268.81,6,0.8,1290.288,Extramen Sorting (6)
Sat,2025-11-08,DOLOMIEU,191.74,51,0.8,7822.992,Extramen Brine (6) + Cargo (12) + Sorting (20) + Gangway (1) + Winchmen (2) + -40 (10)
Sun,2025-11-09,ATERPE ALAI,178.943,16,1.2,3435.706,Extramen Sorting (12) + CCCS (4)
Sun,2025-11-09,DOLOMIEU,206.82,51,1.2,12657.384,Extramen Brine (6) + Cargo (12) + Sorting (20) + Gangway (1) + Winchmen (2) + -40 (10)
Mon,2025-11-10,DOLOMIEU,238.59,45,0.8,8589.24,Extramen Brine (6) + Cargo (8) + Sorting (20) + Gangway (1) + -40 (10)
Mon,2025-11-10,BERNICA,123.29,16,0.8,1578.112,Extramen Brine (6) + Sorting (10)
Mon,2025-11-10,ATERPE ALAI,210.273,16,0.8,2691.494,Extramen Sorting (12) + CCCS (4)
Tue,2025-11-11,DOLOMIEU,127.53,check,0.8,4182.984,Extramen Brine (2) + Cargo (8) + Sorting (20) + Gangway (1) + -40 (10)
Tue,2025-11-11,BERNICA,101.28,20,0.8,1620.48,Extramen -40 (10) + Sorting (10)
Tue,2025-11-11,ATERPE ALAI,212.319,18,0.8,3057.394,Extramen Sorting (12) + CCCS (6)
Wed,2025-11-12,DOLOMIEU,53.22,18,0.8,766.368,Extramen Cargo (8) + Sorting (8) + Gangway (1) + Hook/Unhook (1)
Wed,2025-11-12,BERNICA,125.77,18,0.8,1811.088,Extramen Sorting (8) + -40 (10)
Wed,2025-11-12,ATERPE ALAI,186.274,18,0.8,2682.346,Extramen Sorting (12) + CCCS (6)
Thu,2025-11-13,BERNICA,113.72,22,0.8,2001.472,Extramen Sorting (12) + -40 (10)
Thu,2025-11-13,ATERPE ALAI,297.231,18,0.8,4280.126,Extramen Sorting (12) + CCCS (6)
Fri,2025-11-14,BERNICA,132.43,22,0.8,2330.768,Extramen Sorting (12) + -40 (10)
Fri,2025-11-14,ATERPE ALAI,105.111,16,0.8,1345.421,Extramen Sorting (12) + CCCS (4)
Fri,2025-11-14,PLAYA DE AZKORRI,208.88,14,0.8,2339.456,Extramen Brine (12) +Hook/Unhook (2)
Sat,2025-11-15,BERNICA,101.69,18,0.8,1464.336,Extramen Sorting (8) + -40 (10)
Sat,2025-11-15,PLAYA DE AZKORRI,171.11,14,0.8,1916.432,Extramen Brine (12) +Hook/Unhook (2)
Sat,2025-11-15,ALAKRANA,191.236,29,0.8,4436.675,Extramen Cargo (8) + Sorting (12) + CCCS (6) + Hook/Unhook (2) + Gangway (1)
Sun,2025-11-16,BERNICA,39.05,10,1.2,468.6,Extramen Sorting (6) + -40 (4)
Sun,2025-11-16,PLAYA DE AZKORRI,192.062,18,1.2,4148.539,Extramen Brine (12) + Hook / Unhook (6)
Sun,2025-11-16,ALAKRANA,244.169,28,1.2,8204.078,Extramen Cargo (12) + Sorting (12) + Hook/Unhook (3) + Gangway (1)
Mon,2025-11-17,ALAKRANA,318.036,33,0.8,8396.15,Extramen Brine (4) + Cargo (12) + Sorting (16) + Gangway (1)
Mon,2025-11-17,PLAYA DE AZKORRI,256.09,16,0.8,3277.952,Extramen Brine (12) + CCCS (4)
Tue,2025-11-18,PLAYA DE AZKORRI,204.463,16,0.8,2617.126,Extramen Brine (12) + CCCS (4)
Tue,2025-11-18,ALAKRANA,263.511,33,0.8,6956.69,Extramen Brine (4) + Cargo (12) + Sorting (16) + Gangway (1)
Wed,2025-11-19,ALAKRANA,243.332,18,0.8,3503.981,Extramen Sorting (16) + CCCS (2)
Thu,2025-11-20,ITSAS TXORI,274.101,21,0.8,4604.897,Extramen Sorting (12) + Cargo (8) + Gangway (1)
Thu,2025-11-20,ALAKRANA,277.968,18,0.8,4002.739,Extramen Sorting (16) + CCCS (2)
Fri,2025-11-21,ITSAS TXORI,404.447,38,0.8,12295.189,Extramen Sorting (14) + Cargo (20) + Gangway (2) + CCCS (2)
Fri,2025-11-21,ALAKRANA,142.783,16,0.8,1827.622,Extramen Sorting (16)
Fri,2025-11-21,EUSKADI ALAI,157.083,check,0.8,4775.323,Extramen Cargo (12) + Sorting (16) + Winchmen (2) + CCCS (3) + Gangway (1) + Brine (4)
Sat,2025-11-22,ITSAS TXORI,108.57,28,0.8,2431.968,Extramen Sorting (12) + Cargo (16)
Sat,2025-11-22,EUSKADI ALAI,240.981,31,0.8,5976.329,Extramen Cargo (12) + Sorting (14) + Winchmen (2) + CCCS (2) + Gangway (1)
Sun,2025-11-23,EUSKADI ALAI,217.858,33,1.2,8627.177,Extramen Cargo (12) + Sorting (16) + Winchmen (2) + CCCS (2) + Gangway (1)
Sun,2025-11-23,INTERTUNA TRES,167.78,5,1.2,1006.68,Extramen Sorting (5)
Sun,2025-11-23,CAP SAINTE MARIE,307.31,26,1.2,9588.072,Extramen Cargo (16) + Fond Cuve (8) + Gangway (2)
Mon,2025-11-24,JAI ALAI,252.33,37,0.8,7468.968,Extramen Cargo (12) + Sorting (16) + Winchmen (2) + CCCS (6) + Gangway (1)
Mon,2025-11-24,EUSKADI ALAI,223.264,33,0.8,5894.17,Extramen Cargo (12) + Sorting (16) + Winchmen (2) + CCCS (2) + Gangway (1)
Mon,2025-11-24,CAP SAINTE MARIE,313.51,26,0.8,6521.008,Extramen Cargo (16) + Fond Cuve (8) + Gangway (2)
Tue,2025-11-25,EUSKADI ALAI,241.864,33,0.8,6385.21,Extramen Cargo (12) + Sorting (16) + Winchmen (2) + CCCS (2) + Gangway (1)
Tue,2025-11-25,JAI ALAI,210.499,37,0.8,6230.77,Extramen Cargo (12) + Sorting (16) + Winchmen (2) + CCCS (6) + Gangway (1)
Wed,2025-11-26,EUSKADI ALAI,96.995,12,0.8,931.152,Extramen  Sorting (12)
Wed,2025-11-26,JAI ALAI,203.148,37,0.8,6013.181,Extramen Cargo (12) + Sorting (16) + Winchmen (2) + CCCS (6) + Gangway (1)
Wed,2025-11-26,PENDRUC,239.6,12,0.8,2300.16,Extramen Fond Cuve (8) + Sorting (4)
Thu,2025-11-27,JAI ALAI,207.858,37,0.8,6152.597,Extramen Cargo (12) + Sorting (16) + Winchmen (2) + CCCS (6) + Gangway (1)
Thu,2025-11-27,PENDRUC,207.008,12,0.8,1987.277,Extramen Fond Cuve (8) + Sorting (4)
Fri,2025-11-28,JAI ALAI,134.074,16,0.8,1716.147,Extramen Sorting (12) + CCCS (4)
Fri,2025-11-28,PENDRUC,106.26,16,0.8,1360.128,Extramen Fond Cuve (8) + Sorting (8)
Fri,2025-11-28,IZARO,275.032,check,0.8,7260.845,Extramen Sorting (16) + Cargo (12) + Winchmen (2) + CCCS (2) + Gangway (1)
Sat,2025-11-29,IZARO,267.115,39,0.8,8333.988,Extramen Sorting (16) + Cargo (12) + Winchmen (2) + CCCS (6) + Hook/Unhook (2) + Gangway (1)
Sat,2025-11-29,PENDRUC,230.028,16,0.8,2944.358,Extramen Fond Cuve (8) + Sorting (8)
Sun,2025-11-30,IZARO,203.823,22,1.2,5380.927,Extramen Sorting (16) + CCCS (6)
Sun,2025-11-30,PENDRUC,160.57,16,1.2,3082.944,Extramen Fond Cuve (8) + Sorting (8)
Mon,2025-12-01,IZARO,282.036,24,0.8,5415.091,Extramen Sorting (18) + CCCS (6)
Tue,2025-12-02,IZARO,156.734,20,0.8,2507.744,Extramen Sorting (14) + CCCS (6)
Tue,2025-12-02,PLAYA DE AZKORRI,183.26,16,0.8,2345.728,Extramen Brine (16)
Wed,2025-12-03,EGALABUR,173.8,26,0.8,3615.04,Extramen Sorting (16) + Brine (6)
Thu,2025-12-04,EGALABUR,254.87,26,0.8,5301.296,Extramen Sorting (16) + Brine (6)
Thu,2025-12-04,HAWWA,217.007,8,0.8,1388.845,Extramen Fond Cuve (8)
Fri,2025-12-05,HAWWA,242.76,8,0.8,1553.664,Extramen Fond Cuve (8)
Fri,2025-12-05,ATERPE ALAI,295.162,12,0.8,2833.555,Extramen Sorting (12)
Sat,2025-12-06,BERNICA,123.415,16,0.8,1579.712,Extramen Brine (6) + -40 (10)
Sat,2025-12-06,ATERPE ALAI,255.22,18,0.8,3675.168,Extramen Sorting (12) + CCCS (6)
Sun,2025-12-07,BERNICA,230.235,16,1.2,4420.512,Extramen Brine (6) + -40 (10)
Sun,2025-12-07,ATERPE ALAI,214.053,18,1.2,4623.545,Extramen Sorting (12) + CCCS (6)
PH,2025-12-08,BERNICA,229.903,24,1.2,6621.206,Extramen Brine (6) + -40 (18)
PH,2025-12-08,ATERPE ALAI,264.99,18,1.2,5723.784,Extramen Sorting (12) + CCCS (6)
Tue,2025-12-09,BERNICA,128.84,24,0.8,2473.728,Extramen Brine (6) + -40 (18)
Tue,2025-12-09,ATERPE ALAI,145.521,18,0.8,2095.502,Extramen Sorting (12) + CCCS (6)
Wed,2025-12-10,BERNICA,97.329,16,0.8,1245.811,Extramen -40 (16)
Thu,2025-12-11,BERNICA,127.469,28,0.8,2855.306,Extramen -40 (28)
Thu,2025-12-11,ARTZA,303.72,16,0.8,3887.616,Extramen Brine (16)
Fri,2025-12-12,BERNICA,117.812,24,0.8,2261.99,Extramen -40 (24)
Fri,2025-12-12,ARTZA,277.49,16,0.8,3551.872,Extramen Brine (16)
Fri,2025-12-12,ELAI ALAI,150.98,10,0.8,1207.84,Extramen Brine (10)
Sat,2025-12-13,ARTZA,240.5,16,0.8,3078.4,Extramen Brine (16)
Sat,2025-12-13,ELAI ALAI,174.241,22,0.8,3066.642,Extramen Brine (16) + CCCS (6)
Sun,2025-12-14,ARTZA,221.75,16,1.2,4257.6,Extramen Brine (16)
Sun,2025-12-14,ELAI ALAI,179.263,22,1.2,4732.543,Extramen Brine (16) + CCCS (6)
Mon,2025-12-15,ARTZA,259.07,16,0.8,3316.096,Extramen Brine (16)
Mon,2025-12-15,ELAI ALAI,165.753,22,0.8,2917.253,
Tue,2025-12-16,ARTZA,286.62,16,0.8,3668.736,Extramen Brine (16)
Tue,2025-12-16,EUSKADI ALAI,281.374,28,0.8,6302.778,Extramen Sorting (16) + CCCS (12)
Wed,2025-12-17,ARTZA,286.24,21,0.8,4808.832,Extramen Brine (21)
Wed,2025-12-17,EUSKADI ALAI,152.348,8,0.8,975.027,Extramen Sorting (8)
Wed,2025-12-17,TXORI BERRI,232.358,12,0.8,2230.637,Extramen Brine (12)
Thu,2025-12-18,EUSKADI ALAI,155.339,8,0.8,994.17,Extramen Sorting (8)
Thu,2025-12-18,ITSAS TXORI,221.995,8,0.8,1420.768,Extramen Sorting (8)
Fri,2025-12-19,TXORI BERRI,248.545,12,0.8,2386.032,Extramen Brine (12)
Mon,2025-12-22,ALAKRANA,210.44,12,0.8,2020.224,Extramen Sorting (12)
Mon,2025-12-22,TORRE ITALIA,234.26,2,0.8,374.816,Extramen Fond Cuve (2)
Tue,2025-12-23,ALAKRANA,172.26,12,0.8,1653.696,Extramen Sorting (12)
Tue,2025-12-23,TORRE ITALIA,253.31,2,0.8,405.296,Extramen Fond Cuve (2)
Fri,2025-12-26,ALAKRANA,225.37,12,0.8,2163.552,Extramen Sorting (12)
Fri,2025-12-26,PLAYA DE AZKORRI,223.959,4,0.8,716.669,Extramen CCCS (4)
Fri,2025-12-26,JAI ALAI,238.28,31,0.8,5909.344,Extramen Sorting (16) + Cargo (12) + Winchmen (2) + Gangway (1)
Sat,2025-12-27,ALAKRANA,150.61,14,0.8,1686.832,Extramen Sorting (14)
Sat,2025-12-27,EUSKADI ALAI,209.86,12,0.8,2014.656,Extramen Sorting (12)
Sat,2025-12-27,PLAYA DE AZKORRI,224.313,8,0.8,1435.603,Extramen CCCS (8)
Sat,2025-12-27,JAI ALAI,146.7,27,0.8,3168.72,Extramen Sorting (16) +Cargo (8) + Hook/Unhook (2) + Gangway (1)
Sun,2025-12-28,ALAKRANA,227.62,14,1.2,3824.016,Extramen Sorting (14)
Sun,2025-12-28,EUSKADI ALAI,228.88,23,1.2,6317.088,Extramen Sorting (12) +Cargo (8) + Hook/Unhook (2) + Gangway (1)
Sun,2025-12-28,PLAYA DE AZKORRI,197.269,8,1.2,1893.782,Extramen CCCS (8)
Sun,2025-12-28,EGALABUR,155.25,48,1.2,8942.4,Extramen Cargo (24) + Sorting (24)
Mon,2025-12-29,ALAKRANA,233.14,12,0.8,2238.144,Extramen Sorting (12)
Mon,2025-12-29,EUSKADI ALAI,234.96,23,0.8,4323.264,Extramen Sorting (12) +Cargo (8) + Hook/Unhook (2) + Gangway (1)
Mon,2025-12-29,PLAYA DE AZKORRI,203.677,8,0.8,1303.533,Extramen CCCS (8)
Mon,2025-12-29,EGALABUR,173.82,52,0.8,7230.912,Extramen Cargo (24) + Sorting (24) + Gangway (2) + Winchmen (2)
Tue,2025-12-30,ALAKRANA,208.479,48,0.8,8005.594,Extramen Cargo (24) + Sorting (24)
Tue,2025-12-30,PLAYA DE AZKORRI,206.913,8,0.8,1324.243,Extramen CCCS (8)
Tue,2025-12-30,EUSKADI ALAI,220.33,23,0.8,4054.072,Extramen Sorting (12) +Cargo (8) + Hook/Unhook (2) + Gangway (1)
Tue,2025-12-30,EGALABUR,254.72,48,0.8,9781.248,Extramen Cargo (24) + Sorting (24)
Wed,2025-12-31,EUSKADI ALAI,155.39,12,0.8,1491.744,Extramen Sorting (12)
Wed,2025-12-31,EGALABUR,82.88,3,0.8,198.912,Extramen  Sorting (3)
