date,vessel,rental_of_weight,sides_working,rental_price,calibration_price,total_price,number_of_sides
2025-01-03,ARTZA,1,"Front, Middle and Back",50.0,150.0,200.0,3
2025-01-03,ALAKRANA,1,Front,50.0,50.0,100.0,1
2025-01-04,ATERPE ALAI,1,Front and Back,50.0,100.0,150.0,2
2025-01-04,ARTZA,1,"Front, Middle and Back",50.0,150.0,200.0,3
2025-01-04,ALAKRANA,1,Front,50.0,50.0,100.0,1
2025-01-05,ATERPE ALAI,1,Front and Back,50.0,100.0,150.0,2
2025-01-05,ARTZA,1,"Front, Middle and Back",50.0,150.0,200.0,3
2025-01-06,DOLOMIEU,1,Front and Back,50.0,100.0,150.0,2
2025-01-06,ARTZA,1,"Front, Middle and Back",50.0,150.0,200.0,3
2025-01-06,ALAKRANA,1,Front,50.0,50.0,100.0,1
2025-01-07,ADAMAS,1,Front,50.0,50.0,100.0,1
2025-01-07,ALAKRANA,1,Front,50.0,50.0,100.0,1
2025-01-07,ARTZA,1,Front,50.0,50.0,100.0,1
2025-01-07,DOLOMIEU,1,Front and Back,50.0,100.0,150.0,2
2025-01-08,ALAKRANA,1,Front and Back,50.0,100.0,150.0,2
2025-01-08,ADAMAS,1,Front,50.0,50.0,100.0,1
2025-01-09,ADAMAS,1,Front and Back,50.0,100.0,150.0,2
2025-01-10,INDO PRINCE,1,Back,50.0,50.0,100.0,1
2025-01-10,NF TUNA PEAK,1,One Side,50.0,50.0,100.0,1
2025-01-10,NF TUNA PEAK No. 1,1,One Side,50.0,50.0,100.0,1
2025-01-13,FRANCHE TERRE,1,Front and Back,50.0,100.0,150.0,2
2025-01-13,EUSKADI ALAI,1,Front,50.0,50.0,100.0,1
2025-01-14,FRANCHE TERRE,1,Front and Back,50.0,100.0,150.0,2
2025-01-14,EUSKADI ALAI,1,Front and Back,50.0,100.0,150.0,2
2025-01-15,EUSKADI ALAI,1,Front and Back,50.0,100.0,150.0,2
2025-01-15,FRANCHE TERRE,1,Front and Back,50.0,100.0,150.0,2
2025-01-16,FRANCHE TERRE,1,Front and Back,50.0,100.0,150.0,2
2025-01-17,FRANCHE TERRE,1,Front and Back,50.0,100.0,150.0,2
2025-01-17,TXORI BERRI,1,Front and Back,50.0,100.0,150.0,2
2025-01-18,TXORI BERRI,1,Front and Back,50.0,100.0,150.0,2
2025-01-19,IZURDIA,1,Front and Back,50.0,100.0,150.0,2
2025-01-20,IZURDIA,1,Front and Back,50.0,100.0,150.0,2
2025-01-20,BERNICA,1,Front and Back,50.0,100.0,150.0,2
2025-01-21,BERNICA,1,Front and Back,50.0,100.0,150.0,2
2025-01-21,IZURDIA,1,Front and Back,50.0,100.0,150.0,2
2025-01-22,IZURDIA,1,Front and Back,50.0,100.0,150.0,2
2025-01-22,TXORI AUNDI,1,Front and Back,50.0,100.0,150.0,2
2025-01-22,BERNICA,1,Front and Back,50.0,100.0,150.0,2
2025-01-22,ELAI ALAI,1,Front and Back,50.0,100.0,150.0,2
2025-01-23,BERNICA,1,Front and Back,50.0,100.0,150.0,2
2025-01-23,ELAI ALAI,1,Front and Back,50.0,100.0,150.0,2
2025-01-23,IZURDIA,1,Front and Back,50.0,100.0,150.0,2
2025-01-23,JAI ALAI,1,Front,50.0,50.0,100.0,1
2025-01-24,DONIENE,1,Front and Back,50.0,100.0,150.0,2
2025-01-24,ELAI ALAI,1,Front and Back,50.0,100.0,150.0,2
2025-01-24,JAI ALAI,1,Front and Back,50.0,100.0,150.0,2
2025-01-24,TXORI AUNDI,1,Front and Back,50.0,100.0,150.0,2
2025-01-24,ALBACAN,1,Back,50.0,50.0,100.0,1
2025-01-24,BERNICA,1,Front and Back,50.0,100.0,150.0,2
2025-01-25,DONIENE,1,Front and Middle,50.0,100.0,150.0,2
2025-01-25,TXORI AUNDI,1,Front and Back,50.0,100.0,150.0,2
2025-01-25,JAI ALAI,1,Front and Back,50.0,100.0,150.0,2
2025-01-25,ELAI ALAI,1,Front and Back,50.0,100.0,150.0,2
2025-01-26,DONIENE,1,Front and Middle,50.0,100.0,150.0,2
2025-01-26,TXORI AUNDI,1,Front and Back,50.0,100.0,150.0,2
2025-01-26,JAI ALAI,1,Front and Back,50.0,100.0,150.0,2
2025-01-27,JAI ALAI,1,Front and Back,50.0,100.0,150.0,2
2025-01-27,TXORI AUNDI,1,Front and Back,50.0,100.0,150.0,2
2025-01-27,TXORI ZURI,1,Front and Back,50.0,100.0,150.0,2
2025-01-27,IZARO,1,Front,50.0,50.0,100.0,1
2025-01-28,IZARO,1,Front and Back,50.0,100.0,150.0,2
2025-01-28,TXORI ZURI,1,Front and Back,50.0,100.0,150.0,2
2025-01-28,TXORI AUNDI,1,Front and Back,50.0,100.0,150.0,2
2025-01-29,TXORI ZURI,1,Back,50.0,50.0,100.0,1
2025-01-29,IZARO,1,Front and Back,50.0,100.0,150.0,2
2025-01-29,PLAYA DE AZKORRI,1,Front and Back,50.0,100.0,150.0,2
2025-01-30,PLAYA DE AZKORRI,1,Front and Back,50.0,100.0,150.0,2
2025-01-30,IZARO,1,Front and Back,50.0,100.0,150.0,2
2025-01-31,IZARO,1,Front and Back,50.0,100.0,150.0,2
2025-01-31,PLAYA DE AZKORRI,1,Front and Back,50.0,100.0,150.0,2
2025-02-01,PLAYA DE AZKORRI,1,Front and Back,50.0,100.0,150.0,2
2025-02-05,ARTZA,1,Front and Back,50.0,100.0,150.0,2
2025-02-05,ATERPE ALAI,1,Front and Back,50.0,100.0,150.0,2
2025-02-06,ARTZA,1,Front and Back,50.0,100.0,150.0,2
2025-02-06,ATERPE ALAI,1,Front and Back,50.0,100.0,150.0,2
2025-02-06,GALERNA LAU,1,Front and Back,50.0,100.0,150.0,2
2025-02-07,ATERPE ALAI,1,Front and Back,50.0,100.0,150.0,2
2025-02-07,GALERNA LAU,1,Front and Back,50.0,100.0,150.0,2
2025-02-07,DOLOMIEU,1,Front and Back,50.0,100.0,150.0,2
2025-02-07,PACIFIC STAR,1,One Side,50.0,50.0,100.0,1
2025-02-08,ATERPE ALAI,1,Front and Back,50.0,100.0,150.0,2
2025-02-08,GALERNA LAU,1,One Side,50.0,50.0,100.0,1
2025-02-08,DOLOMIEU,1,Front and Back,50.0,100.0,150.0,2
2025-02-08,TXORI ARGI,1,Front and Back,50.0,100.0,150.0,2
2025-02-09,GALERNA LAU,1,One Side,50.0,50.0,100.0,1
2025-02-09,DOLOMIEU,1,Front and Back,50.0,100.0,150.0,2
2025-02-09,TXORI ARGI,1,Front and Back,50.0,100.0,150.0,2
2025-02-10,DOLOMIEU,1,Front and Back,50.0,100.0,150.0,2
2025-02-10,TXORI ARGI,1,Front and Back,50.0,100.0,150.0,2
2025-02-10,ALAKRANA,1,Front and Back,50.0,100.0,150.0,2
2025-02-11,DOLOMIEU,1,Front and Back,50.0,100.0,150.0,2
2025-02-11,TXORI ARGI,1,Front and Back,50.0,100.0,150.0,2
2025-02-11,ALAKRANA,1,Front and Back,50.0,100.0,150.0,2
2025-02-12,ALAKRANA,1,Front and Back,50.0,100.0,150.0,2
2025-02-12,TXORI ARGI,1,Front and Back,50.0,100.0,150.0,2
2025-02-12,TXORI ZURI,1,Front and Back,50.0,100.0,150.0,2
2025-02-13,ALAKRANA,1,Front and Back,50.0,100.0,150.0,2
2025-02-13,TXORI GORRI,1,Front and Back,50.0,100.0,150.0,2
2025-02-13,TXORI ZURI,1,Front and Back,50.0,100.0,150.0,2
2025-02-14,TXORI GORRI,1,Front and Back,50.0,100.0,150.0,2
2025-02-14,TXORI ZURI,1,Front and Back,50.0,100.0,150.0,2
2025-02-14,IZARO,1,Front,50.0,50.0,100.0,1
2025-02-14,EUSKADI ALAI,1,Front and Back,50.0,100.0,150.0,2
2025-02-15,EUSKADI ALAI,1,Front and Back,50.0,100.0,150.0,2
2025-02-15,IZARO,1,Front and Back,50.0,100.0,150.0,2
2025-02-15,ITSAS TXORI,1,One Side,50.0,50.0,100.0,1
2025-02-15,TXORI GORRI,1,Back,50.0,50.0,100.0,1
2025-02-15,TXORI ZURI,1,Front and Back,50.0,100.0,150.0,2
2025-02-16,EUSKADI ALAI,1,Front and Back,50.0,100.0,150.0,2
2025-02-16,IZARO,1,Front and Back,50.0,100.0,150.0,2
2025-02-17,EUSKADI ALAI,1,Front and Back,50.0,100.0,150.0,2
2025-02-17,IZARO,1,Front and Back,50.0,100.0,150.0,2
2025-02-18,EUSKADI ALAI,1,Front and Back,50.0,100.0,150.0,2
2025-02-18,IZARO,1,Front and Back,50.0,100.0,150.0,2
2025-02-18,GALERNA DOS,1,Back,50.0,50.0,100.0,1
2025-02-19,EUSKADI ALAI,1,Front and Back,50.0,100.0,150.0,2
2025-02-19,IZARO,1,Front and Back,50.0,100.0,150.0,2
2025-02-19,GALERNA DOS,1,Front and Back,50.0,100.0,150.0,2
2025-02-19,JAI ALAI,1,Front,50.0,50.0,100.0,1
2025-02-20,GALERNA DOS,1,Front and Back,50.0,100.0,150.0,2
2025-02-20,ELAI ALAI,1,Front and Back,50.0,100.0,150.0,2
2025-02-20,JAI ALAI,1,Front and Back,50.0,100.0,150.0,2
2025-02-21,GALERNA DOS,1,Front and Back,50.0,100.0,150.0,2
2025-02-21,ELAI ALAI,1,Front and Back,50.0,100.0,150.0,2
2025-02-21,JAI ALAI,1,Front and Back,50.0,100.0,150.0,2
2025-02-22,GALERNA DOS,1,Front and Back,50.0,100.0,150.0,2
2025-02-22,ELAI ALAI,1,Front and Back,50.0,100.0,150.0,2
2025-02-22,JAI ALAI,1,Front and Back,50.0,100.0,150.0,2
2025-02-23,GALERNA DOS,1,Front and Back,50.0,100.0,150.0,2
2025-02-23,ELAI ALAI,1,Front,50.0,50.0,100.0,1
2025-02-23,JAI ALAI,1,Front and Back,50.0,100.0,150.0,2
2025-02-24,ELAI ALAI,1,Front,50.0,50.0,100.0,1
2025-02-24,JAI ALAI,1,Front and Back,50.0,100.0,150.0,2
2025-02-24,TORRE ITALIA,1,Front and Back,50.0,100.0,150.0,2
2025-02-25,TORRE ITALIA,1,Front and Back,50.0,100.0,150.0,2
2025-02-26,TORRE ITALIA,1,Front and Back,50.0,100.0,150.0,2
2025-02-27,TORRE ITALIA,1,Front and Back,50.0,100.0,150.0,2
2025-02-27,HAWWA,1,Front and Back,50.0,100.0,150.0,2
2025-02-28,VASCO,1,Front,50.0,50.0,100.0,1
2025-02-28,IZURDIA,1,Front and Back,50.0,100.0,150.0,2
2025-02-28,LAYLA,1,Front and Back,50.0,100.0,150.0,2
2025-02-28,HAWWA,1,Front and Back,50.0,100.0,150.0,2
2025-03-01,LAYLA,1,Front and Back,50.0,100.0,150.0,2
2025-03-01,IZURDIA,1,Front and Back,50.0,100.0,150.0,2
2025-03-01,HAWWA,1,Front and Back,50.0,100.0,150.0,2
2025-03-02,HAWWA,1,Front and Back,50.0,100.0,150.0,2
2025-03-02,LAYLA,1,Front and Back,50.0,100.0,150.0,2
2025-03-02,IZURDIA,1,Front and Back,50.0,100.0,150.0,2
2025-03-03,NOUR,1,Front and Back,50.0,100.0,150.0,2
2025-03-03,LAYLA,1,Front and Back,50.0,100.0,150.0,2
2025-03-03,IZURDIA,1,Front and Back,50.0,100.0,150.0,2
2025-03-04,IZURDIA,1,Front and Back,50.0,100.0,150.0,2
2025-03-04,LAYLA,1,Front and Back,50.0,100.0,150.0,2
2025-03-04,NOUR,1,Front and Back,50.0,100.0,150.0,2
2025-03-05,ACILA,1,Front and Back,50.0,100.0,150.0,2
2025-03-05,IZURDIA,1,Front and Back,50.0,100.0,150.0,2
2025-03-05,NOUR,1,Front and Back,50.0,100.0,150.0,2
2025-03-06,NOUR,1,Front and Back,50.0,100.0,150.0,2
2025-03-06,ACILA,1,Front and Back,50.0,100.0,150.0,2
2025-03-06,ATERPE ALAI,1,Front,50.0,50.0,100.0,1
2025-03-06,TXORI ZURI,1,Front,50.0,50.0,100.0,1
2025-03-07,ACILA,1,Front and Back,50.0,100.0,150.0,2
2025-03-07,ATERPE ALAI,1,Front and Back,50.0,100.0,150.0,2
2025-03-07,TXORI ZURI,1,Front and Back,50.0,100.0,150.0,2
2025-03-08,TXORI ZURI,1,Front and Back,50.0,100.0,150.0,2
2025-03-10,DOLOMIEU,1,Front,50.0,50.0,100.0,1
2025-03-10,BERNICA,1,Front,50.0,50.0,100.0,1
2025-03-10,ACILA,1,Front and Back,50.0,100.0,150.0,2
2025-03-11,ACILA,1,Front and Back,50.0,100.0,150.0,2
2025-03-11,BERNICA,1,Front and Back,50.0,100.0,150.0,2
2025-03-11,DOLOMIEU,1,Front,50.0,50.0,100.0,1
2025-03-12,ITSAS TXORI,1,One Side,50.0,50.0,100.0,1
2025-03-12,ACILA,1,Front and Back,50.0,100.0,150.0,2
2025-03-12,DOLOMIEU,1,Front and Back,50.0,100.0,150.0,2
2025-03-12,BERNICA,1,Front and Back,50.0,100.0,150.0,2
2025-03-13,BERNICA,1,Front and Back,50.0,100.0,150.0,2
2025-03-13,TXORI ARGI,1,One Side,50.0,50.0,100.0,1
2025-03-14,BERNICA,1,Front,50.0,50.0,100.0,1
2025-03-14,TXORI ARGI,1,Front,50.0,50.0,100.0,1
2025-03-15,BERNICA,1,Front and Back,50.0,100.0,150.0,2
2025-03-15,DOLOMIEU,1,Front and Back,50.0,100.0,150.0,2
2025-03-16,DOLOMIEU,1,Front and Back,50.0,100.0,150.0,2
2025-03-16,PACIFIC STAR,1,Front and Back,50.0,100.0,150.0,2
2025-03-17,DOLOMIEU,1,Front and Back,50.0,100.0,150.0,2
2025-03-17,TXORI GORRI,1,One Side,50.0,50.0,100.0,1
2025-03-17,PACIFIC STAR,1,Front and Back,50.0,100.0,150.0,2
2025-03-18,TXORI GORRI,1,Front and Back,50.0,100.0,150.0,2
2025-03-19,EUSKADI ALAI,1,Front and Back,50.0,100.0,150.0,2
2025-03-20,EUSKADI ALAI,1,Front and Back,50.0,100.0,150.0,2
2025-03-20,NOUR,1,Front and Back,50.0,100.0,150.0,2
2025-03-21,EUSKADI ALAI,1,Front and Back,50.0,100.0,150.0,2
2025-03-21,NOUR,1,Front and Back,50.0,100.0,150.0,2
2025-03-21,JAI ALAI,1,Front and Back,50.0,100.0,150.0,2
2025-03-22,EUSKADI ALAI,1,Front and Back,50.0,100.0,150.0,2
2025-03-22,JAI ALAI,1,Front and Back,50.0,100.0,150.0,2
2025-03-22,TXORI AUNDI,1,Front and Back,50.0,100.0,150.0,2
2025-03-23,JAI ALAI,1,Front and Back,50.0,100.0,150.0,2
2025-03-23,TXORI AUNDI,1,Front and Back,50.0,100.0,150.0,2
2025-03-24,JAI ALAI,1,Front and Back,50.0,100.0,150.0,2
2025-03-24,TXORI AUNDI,1,Front and Back,50.0,100.0,150.0,2
2025-03-25,FRANCHE TERRE,1,Front,50.0,50.0,100.0,1
2025-03-25,TXORI AUNDI,1,Front and Back,50.0,100.0,150.0,2
2025-03-26,FRANCHE TERRE,1,Front,50.0,50.0,100.0,1
2025-03-26,TXORI AUNDI,1,Front and Back,50.0,100.0,150.0,2
2025-03-27,ADAMAS,1,Front and Back,50.0,100.0,150.0,2
2025-03-27,FRANCHE TERRE,1,Front and Back,50.0,100.0,150.0,2
2025-03-27,HAWWA,1,Front and Back,50.0,100.0,150.0,2
2025-03-27,ATERPE ALAI,1,Front,50.0,50.0,100.0,1
2025-03-28,ADAMAS,1,Front and Back,50.0,100.0,150.0,2
2025-03-28,FRANCHE TERRE,1,Front and Back,50.0,100.0,150.0,2
2025-03-28,HAWWA,1,Front and Back,50.0,100.0,150.0,2
2025-03-29,ADAMAS,1,Front and Back,50.0,100.0,150.0,2
2025-03-29,FRANCHE TERRE,1,Front and Back,50.0,100.0,150.0,2
2025-03-29,HAWWA,1,Front and Back,50.0,100.0,150.0,2
2025-03-29,IZARO,1,Front,50.0,50.0,100.0,1
2025-03-30,ADAMAS,1,Front and Back,50.0,100.0,150.0,2
2025-03-30,IZARO,1,Front and Back,50.0,100.0,150.0,2
2025-03-31,ADAMAS,1,Front and Back,50.0,100.0,150.0,2
2025-03-31,ALBACORA CUATRO,1,Back,50.0,50.0,100.0,1
2025-03-31,IZARO,1,Front and Back,50.0,100.0,150.0,2
2025-04-01,ALBACORA CUATRO,1,Back,50.0,50.0,100.0,1
2025-04-01,IZARO,1,Front and Back,50.0,100.0,150.0,2
2025-04-01,IZURDIA,1,Front and Back,50.0,100.0,150.0,2
2025-04-01,LAYLA,1,Front and Back,50.0,100.0,150.0,2
2025-04-02,DONIENE,1,Front and Back,50.0,100.0,150.0,2
2025-04-02,ALBACORA CUATRO,1,Back,50.0,50.0,100.0,1
2025-04-02,IZURDIA,1,Front and Back,50.0,100.0,150.0,2
2025-04-02,TXORI GORRI,1,One Side,50.0,50.0,100.0,1
2025-04-02,LAYLA,1,Front and Back,50.0,100.0,150.0,2
2025-04-03,IZURDIA,1,Front and Back,50.0,100.0,150.0,2
2025-04-03,LAYLA,1,Front and Back,50.0,100.0,150.0,2
2025-04-03,GALERNA LAU,1,Back,50.0,50.0,100.0,1
2025-04-03,TXORI GORRI,1,One Side,50.0,50.0,100.0,1
2025-04-03,DONIENE,1,Front and Back,50.0,100.0,150.0,2
2025-04-03,ALBACORA CUATRO,1,Back,50.0,50.0,100.0,1
2025-04-04,ALBACORA CUATRO,1,Back,50.0,50.0,100.0,1
2025-04-04,LAYLA,1,Front and Back,50.0,100.0,150.0,2
2025-04-04,DONIENE,1,Front and Back,50.0,100.0,150.0,2
2025-04-04,BERNICA,1,Back,50.0,50.0,100.0,1
2025-04-05,LAYLA,1,Front and Back,50.0,100.0,150.0,2
2025-04-05,DONIENE,1,Front and Back,50.0,100.0,150.0,2
2025-04-05,BERNICA,1,Back,50.0,50.0,100.0,1
2025-04-06,DONIENE,1,Front and Back,50.0,100.0,150.0,2
2025-04-06,ACILA,1,Front and Back,50.0,100.0,150.0,2
2025-04-07,ACILA,1,Front and Back,50.0,100.0,150.0,2
2025-04-07,DONIENE,1,Front and Back,50.0,100.0,150.0,2
2025-04-08,ALBACORA UNO,1,One Side,50.0,50.0,100.0,1
2025-04-08,DONIENE,1,Front and Back,50.0,100.0,150.0,2
2025-04-09,TXORI TOKI,1,Front and Back,50.0,100.0,150.0,2
2025-04-09,NOUR,1,Front and Back,50.0,100.0,150.0,2
2025-04-10,TXORI ARGI,1,Front and Back,50.0,100.0,150.0,2
2025-04-10,NOUR,1,Front and Back,50.0,100.0,150.0,2
2025-04-10,ELAI ALAI,1,Front and Back,50.0,100.0,150.0,2
2025-04-11,TXORI ARGI,1,Front and Back,50.0,100.0,150.0,2
2025-04-11,NOUR,1,Front and Back,50.0,100.0,150.0,2
2025-04-11,ELAI ALAI,1,Front and Back,50.0,100.0,150.0,2
2025-04-12,TXORI ARGI,1,Front and Back,50.0,100.0,150.0,2
2025-04-12,NOUR,1,Front and Back,50.0,100.0,150.0,2
2025-04-12,ELAI ALAI,1,Front and Back,50.0,100.0,150.0,2
2025-04-12,BERNICA,1,Back,50.0,50.0,100.0,1
2025-04-12,TXORI BERRI,1,Front,50.0,50.0,100.0,1
2025-04-13,TXORI ARGI,1,Front and Back,50.0,100.0,150.0,2
2025-04-13,NOUR,1,Front and Back,50.0,100.0,150.0,2
2025-04-13,ELAI ALAI,1,Front and Back,50.0,100.0,150.0,2
2025-04-13,BERNICA,1,Back,50.0,50.0,100.0,1
2025-04-14,TXORI ZURI,1,Front and Back,50.0,100.0,150.0,2
2025-04-14,TXORI ARGI,1,Front and Back,50.0,100.0,150.0,2
2025-04-14,BERNICA,1,Front and Back,50.0,100.0,150.0,2
2025-04-15,TXORI ZURI,1,Front and Back,50.0,100.0,150.0,2
2025-04-15,BERNICA,1,Front and Back,50.0,100.0,150.0,2
2025-04-15,HAWWA,1,Front and Back,50.0,100.0,150.0,2
2025-04-16,TXORI ZURI,1,Front and Back,50.0,100.0,150.0,2
2025-04-16,BERNICA,1,Front and Back,50.0,100.0,150.0,2
2025-04-16,HAWWA,1,Front and Back,50.0,100.0,150.0,2
2025-04-16,ITSAS TXORI,1,Front and Back,50.0,100.0,150.0,2
2025-04-16,TXORI GORRI,1,One Side,50.0,50.0,100.0,1
2025-04-17,TXORI ZURI,1,Front and Back,50.0,100.0,150.0,2
2025-04-17,BERNICA,1,Front and Back,50.0,100.0,150.0,2
2025-04-17,HAWWA,1,Front and Back,50.0,100.0,150.0,2
2025-04-17,ITSAS TXORI,1,Front and Back,50.0,100.0,150.0,2
2025-04-17,TXORI GORRI,1,One Side,50.0,50.0,100.0,1
2025-04-18,TXORI ZURI,1,Front and Back,50.0,100.0,150.0,2
2025-04-18,BERNICA,1,Back,50.0,50.0,100.0,1
2025-04-18,HAWWA,1,Front and Back,50.0,100.0,150.0,2
2025-04-18,ITSAS TXORI,1,Front and Back,50.0,100.0,150.0,2
2025-04-18,TXORI GORRI,1,One Side,50.0,50.0,100.0,1
2025-04-18,EUSKADI ALAI,1,Front and Back,50.0,100.0,150.0,2
2025-04-19,PACIFIC STAR,1,"Front, Middle and Back",50.0,150.0,200.0,3
2025-04-19,BERNICA,1,Back,50.0,50.0,100.0,1
2025-04-19,ITSAS TXORI,1,Front and Back,50.0,100.0,150.0,2
2025-04-19,EUSKADI ALAI,1,Front and Back,50.0,100.0,150.0,2
2025-04-19,TXORI GORRI,1,One Side,50.0,50.0,100.0,1
2025-04-20,EUSKADI ALAI,1,Front and Back,50.0,100.0,150.0,2
2025-04-20,PACIFIC STAR,1,"Front, Middle and Back",50.0,150.0,200.0,3
2025-04-20,ALAKRANA,1,Front and Back,50.0,100.0,150.0,2
2025-04-21,EUSKADI ALAI,1,Front and Back,50.0,100.0,150.0,2
2025-04-21,PACIFIC STAR,1,"Front, Middle and Back",50.0,150.0,200.0,3
2025-04-22,ELAI ALAI,1,Front and Back,50.0,100.0,150.0,2
2025-04-22,PACIFIC STAR,1,"Front, Middle and Back",50.0,150.0,200.0,3
2025-04-23,IZARO,1,Front,50.0,50.0,100.0,1
2025-04-23,LAYLA,1,Back,50.0,50.0,100.0,1
2025-04-23,ELAI ALAI,1,Front and Back,50.0,100.0,150.0,2
2025-04-23,PACIFIC STAR,1,"Front, Middle and Back",50.0,150.0,200.0,3
2025-04-24,IZARO,1,Front and Back,50.0,100.0,150.0,2
2025-04-24,LAYLA,1,Front and Back,50.0,100.0,150.0,2
2025-04-24,ELAI ALAI,1,Front and Back,50.0,100.0,150.0,2
2025-04-24,PACIFIC STAR,1,"Front, Middle and Back",50.0,150.0,200.0,3
2025-04-25,IZARO,1,Front and Back,50.0,100.0,150.0,2
2025-04-25,LAYLA,1,Front and Back,50.0,100.0,150.0,2
2025-04-25,FRANCHE TERRE,1,Front and Back,50.0,100.0,150.0,2
2025-04-25,PACIFIC STAR,1,Front and Back,50.0,100.0,150.0,2
2025-04-26,IZARO,1,Front and Back,50.0,100.0,150.0,2
2025-04-26,LAYLA,1,Front and Back,50.0,100.0,150.0,2
2025-04-26,FRANCHE TERRE,1,Front and Back,50.0,100.0,150.0,2
2025-04-26,VASCO,1,Front and Back,50.0,100.0,150.0,2
2025-04-27,IZARO,1,Front and Back,50.0,100.0,150.0,2
2025-04-27,LAYLA,1,Front and Back,50.0,100.0,150.0,2
2025-04-27,FRANCHE TERRE,1,Front and Back,50.0,100.0,150.0,2
2025-04-27,VASCO,1,Front and Back,50.0,100.0,150.0,2
2025-04-28,IZARO,1,Front and Back,50.0,100.0,150.0,2
2025-04-28,FRANCHE TERRE,1,Front and Back,50.0,100.0,150.0,2
2025-04-28,VASCO,1,Front and Back,50.0,100.0,150.0,2
2025-04-29,ATERPE ALAI,1,Front and Back,50.0,100.0,150.0,2
2025-04-29,FRANCHE TERRE,1,Front and Back,50.0,100.0,150.0,2
2025-04-29,VASCO,1,Back,50.0,50.0,100.0,1
2025-04-30,ATERPE ALAI,1,Front and Back,50.0,100.0,150.0,2
2025-04-30,FRANCHE TERRE,1,Front and Back,50.0,100.0,150.0,2
2025-04-30,VASCO,1,Back,50.0,50.0,100.0,1
2025-05-01,ATERPE ALAI,1,Back,50.0,50.0,100.0,1
2025-05-05,IZURDIA,1,Front and Back,50.0,100.0,150.0,2
2025-05-05,PLAYA DE RIS,1,Front and Back,50.0,100.0,150.0,2
2025-05-06,IZURDIA,1,Front and Back,50.0,100.0,150.0,2
2025-05-06,PLAYA DE RIS,1,Front and Back,50.0,100.0,150.0,2
2025-05-06,SHIN SHUEN FAR No. 16,1,One Side,50.0,50.0,100.0,1
2025-05-07,ACILA,1,Front and Back,50.0,100.0,150.0,2
2025-05-07,ATERPE ALAI,1,Front and Back,50.0,100.0,150.0,2
2025-05-07,IZURDIA,1,Front and Back,50.0,100.0,150.0,2
2025-05-07,PLAYA DE RIS,1,Front and Back,50.0,100.0,150.0,2
2025-05-08,ACILA,1,Front and Back,50.0,100.0,150.0,2
2025-05-08,ATERPE ALAI,1,Front and Back,50.0,100.0,150.0,2
2025-05-08,PLAYA DE RIS,1,Front and Back,50.0,100.0,150.0,2
2025-05-09,ALBACORA CUATRO,1,Back,50.0,50.0,100.0,1
2025-05-09,ACILA,1,Front and Back,50.0,100.0,150.0,2
2025-05-09,ATERPE ALAI,1,Front and Back,50.0,100.0,150.0,2
2025-05-09,PLAYA DE RIS,1,Front and Back,50.0,100.0,150.0,2
2025-05-10,ALBACORA CUATRO,1,Back,50.0,50.0,100.0,1
2025-05-10,ACILA,1,Front and Back,50.0,100.0,150.0,2
2025-05-10,ATERPE ALAI,1,Back,50.0,50.0,100.0,1
2025-05-11,ALBACORA CUATRO,1,Back,50.0,50.0,100.0,1
2025-05-11,ACILA,1,Front and Back,50.0,100.0,150.0,2
2025-05-11,ATERPE ALAI,1,Back,50.0,50.0,100.0,1
2025-05-12,ALBACORA CUATRO,1,Back,50.0,50.0,100.0,1
2025-05-12,ACILA,1,Front and Back,50.0,100.0,150.0,2
2025-05-12,ATERPE ALAI,1,Front and Back,50.0,100.0,150.0,2
2025-05-12,DONIENE,1,Front and Back,50.0,100.0,150.0,2
2025-05-12,TXORI BERRI,1,Front and Back,50.0,100.0,150.0,2
2025-05-13,ALBACORA CUATRO,1,Back,50.0,50.0,100.0,1
2025-05-13,ACILA,1,Front and Back,50.0,100.0,150.0,2
2025-05-13,DONIENE,1,Front and Back,50.0,100.0,150.0,2
2025-05-13,TXORI BERRI,1,Front and Back,50.0,100.0,150.0,2
2025-05-14,ALBACORA CUATRO,1,Back,50.0,50.0,100.0,1
2025-05-14,TXORI BERRI,1,Front and Back,50.0,100.0,150.0,2
2025-05-14,ALAKRANA,1,Front and Back,50.0,100.0,150.0,2
2025-05-14,ADAMAS,1,Front and Back,50.0,100.0,150.0,2
2025-05-15,ALBACORA CUATRO,1,Back,50.0,50.0,100.0,1
2025-05-15,TXORI BERRI,1,Front and Back,50.0,100.0,150.0,2
2025-05-15,ALAKRANA,1,Front and Back,50.0,100.0,150.0,2
2025-05-15,ADAMAS,1,Front and Back,50.0,100.0,150.0,2
2025-05-16,ALAKRANA,1,Front and Back,50.0,100.0,150.0,2
2025-05-16,ADAMAS,1,Front and Back,50.0,100.0,150.0,2
2025-05-16,BERNICA,1,Back,50.0,50.0,100.0,1
2025-05-17,ALAKRANA,1,Front and Back,50.0,100.0,150.0,2
2025-05-17,ADAMAS,1,Front and Back,50.0,100.0,150.0,2
2025-05-17,BERNICA,1,Back,50.0,50.0,100.0,1
2025-05-17,TXORI ZURI,1,One Side,50.0,50.0,100.0,1
2025-05-18,ADAMAS,1,Front and Back,50.0,100.0,150.0,2
2025-05-18,BERNICA,1,Front and Back,50.0,100.0,150.0,2
2025-05-18,TXORI ZURI,1,One Side,50.0,50.0,100.0,1
2025-05-19,ADAMAS,1,Back,50.0,50.0,100.0,1
2025-05-19,BERNICA,1,Front and Back,50.0,100.0,150.0,2
2025-05-19,ELAI ALAI,1,Front and Back,50.0,100.0,150.0,2
2025-05-20,BERNICA,1,Front and Back,50.0,100.0,150.0,2
2025-05-20,FRANCHE TERRE,1,Front and Back,50.0,100.0,150.0,2
2025-05-20,ELAI ALAI,1,Front and Back,50.0,100.0,150.0,2
2025-05-21,FRANCHE TERRE,1,Front and Back,50.0,100.0,150.0,2
2025-05-21,BERNICA,1,Front and Back,50.0,100.0,150.0,2
2025-05-21,ELAI ALAI,1,Front and Back,50.0,100.0,150.0,2
2025-05-22,FRANCHE TERRE,1,Front and Back,50.0,100.0,150.0,2
2025-05-22,DONIENE,1,Front and Back,50.0,100.0,150.0,2
2025-05-22,ELAI ALAI,1,Front and Back,50.0,100.0,150.0,2
2025-05-22,BERNICA,1,Front and Back,50.0,100.0,150.0,2
2025-05-23,ELAI ALAI,1,Front and Back,50.0,100.0,150.0,2
2025-05-23,DOLOMIEU,1,Back,50.0,50.0,100.0,1
2025-05-23,DONIENE,1,Front and Back,50.0,100.0,150.0,2
2025-05-24,TXORI AUNDI,1,One Side,50.0,50.0,100.0,1
2025-05-24,DOLOMIEU,1,Back,50.0,50.0,100.0,1
2025-05-24,ELAI ALAI,1,Front and Back,50.0,100.0,150.0,2
2025-05-24,DONIENE,1,Front and Back,50.0,100.0,150.0,2
2025-05-25,DONIENE,1,Front and Back,50.0,100.0,150.0,2
2025-05-25,TXORI AUNDI,1,One Side,50.0,50.0,100.0,1
2025-05-26,DONIENE,1,Front and Back,50.0,100.0,150.0,2
2025-05-26,IZURDIA,1,Front and Back,50.0,100.0,150.0,2
2025-05-27,DONIENE,1,Front and Back,50.0,100.0,150.0,2
2025-05-27,IZURDIA,1,Front and Back,50.0,100.0,150.0,2
2025-05-28,DONIENE,1,Back,50.0,50.0,100.0,1
2025-05-28,IZAR ARGIA,1,One Side,50.0,50.0,100.0,1
2025-05-28,IZURDIA,1,Front and Back,50.0,100.0,150.0,2
2025-05-29,IZURDIA,1,Front and Back,50.0,100.0,150.0,2
2025-05-29,IZARO,1,Front and Back,50.0,100.0,150.0,2
2025-05-30,IZURDIA,1,Front and Back,50.0,100.0,150.0,2
2025-05-30,IZARO,1,Front and Back,50.0,100.0,150.0,2
2025-05-31,IZURDIA,1,Front and Back,50.0,100.0,150.0,2
2025-05-31,IZARO,1,Front and Back,50.0,100.0,150.0,2
2025-06-01,IZURDIA,1,Front and Back,50.0,100.0,150.0,2
2025-06-01,IZARO,1,Front and Back,50.0,100.0,150.0,2
2025-06-02,IZARO,1,Front and Back,50.0,100.0,150.0,2
2025-06-02,FRANCHE TERRE,1,Front and Back,50.0,100.0,150.0,2
2025-06-03,IZAR ARGIA,1,One Side,50.0,50.0,100.0,1
2025-06-03,FRANCHE TERRE,1,Front and Back,50.0,100.0,150.0,2
2025-06-04,FRANCHE TERRE,1,Front and Back,50.0,100.0,150.0,2
2025-06-05,FRANCHE TERRE,1,Front and Back,50.0,100.0,150.0,2
2025-06-10,ATERPE ALAI,1,Front,50.0,50.0,100.0,1
2025-06-11,ATERPE ALAI,1,Front and Back,50.0,100.0,150.0,2
2025-06-12,ATERPE ALAI,1,Front and Back,50.0,100.0,150.0,2
2025-06-16,ADAMAS,1,Front and Back,50.0,100.0,150.0,2
2025-06-16,ALAKRANA,1,One Side,50.0,50.0,100.0,1
2025-06-17,ADAMAS,1,Front and Back,50.0,100.0,150.0,2
2025-06-17,ALAKRANA,1,Front and Back,50.0,100.0,150.0,2
2025-06-17,TXORI BERRI,1,Front and Back,50.0,100.0,150.0,2
2025-06-18,ADAMAS,1,Front and Back,50.0,100.0,150.0,2
2025-06-18,ALAKRANA,1,Front and Back,50.0,100.0,150.0,2
2025-06-18,TXORI BERRI,1,Front and Back,50.0,100.0,150.0,2
2025-06-19,ALAKRANA,1,Front and Back,50.0,100.0,150.0,2
2025-06-19,TXORI BERRI,1,Front and Back,50.0,100.0,150.0,2
2025-06-19,TXORI GORRI,1,Front and Back,50.0,100.0,150.0,2
2025-06-19,PLAYA DE RIS,1,Back,50.0,50.0,100.0,1
2025-06-20,AVEL VAD,1,Front and Back,50.0,100.0,150.0,2
2025-06-20,TXORI BERRI,1,Front and Back,50.0,100.0,150.0,2
2025-06-20,TXORI GORRI,1,Front and Back,50.0,100.0,150.0,2
2025-06-20,PLAYA DE RIS,1,Back,50.0,50.0,100.0,1
2025-06-21,AVEL VAD,1,Front and Back,50.0,100.0,150.0,2
2025-06-21,TXORI GORRI,1,Front and Back,50.0,100.0,150.0,2
2025-06-22,TXORI GORRI,1,Front and Back,50.0,100.0,150.0,2
2025-06-23,JAI ALAI,1,Front and Back,50.0,100.0,150.0,2
2025-06-23,PLAYA DE AZKORRI,1,Front and Back,50.0,100.0,150.0,2
2025-06-24,JAI ALAI,1,Back,50.0,50.0,100.0,1
2025-06-24,PLAYA DE AZKORRI,1,Front,50.0,50.0,100.0,1
2025-06-24,ELAI ALAI,1,Front and Back,50.0,100.0,150.0,2
2025-06-24,BERNICA,1,Front,50.0,50.0,100.0,1
2025-06-24,PLAYA DE ANZORAS,1,Front,50.0,50.0,100.0,1
2025-06-25,JAI ALAI,1,Front and Back,50.0,100.0,150.0,2
2025-06-25,ELAI ALAI,1,Front and Back,50.0,100.0,150.0,2
2025-06-25,BERNICA,1,Front,50.0,50.0,100.0,1
2025-06-25,TXORI AUNDI,1,One Side,50.0,50.0,100.0,1
2025-06-26,JAI ALAI,1,Front and Back,50.0,100.0,150.0,2
2025-06-26,ELAI ALAI,1,Front and Back,50.0,100.0,150.0,2
2025-06-26,BERNICA,1,Back,50.0,50.0,100.0,1
2025-06-26,TXORI AUNDI,1,One Side,50.0,50.0,100.0,1
2025-06-29,IZARO,1,Front and Back,50.0,100.0,150.0,2
2025-06-30,IZARO,1,Front and Back,50.0,100.0,150.0,2
2025-06-30,DOLOMIEU,1,Back,50.0,50.0,100.0,1
2025-07-01,DOLOMIEU,1,Back,50.0,50.0,100.0,1
2025-07-01,IZARO,1,Front and Back,50.0,100.0,150.0,2
2025-07-02,DOLOMIEU,1,Front,50.0,50.0,100.0,1
2025-07-02,HAWWA,1,Front and Back,50.0,100.0,150.0,2
2025-07-03,ELAI ALAI,1,Front,50.0,50.0,100.0,1
2025-07-03,HAWWA,1,Front and Back,50.0,100.0,150.0,2
2025-07-03,IZURDIA,1,Front and Back,50.0,100.0,150.0,2
2025-07-04,DONIENE,1,Front and Back,50.0,100.0,150.0,2
2025-07-04,IZURDIA,1,Front and Back,50.0,100.0,150.0,2
2025-07-05,DONIENE,1,Front and Back,50.0,100.0,150.0,2
2025-07-05,IZURDIA,1,Front and Back,50.0,100.0,150.0,2
2025-07-06,DONIENE,1,Front and Back,50.0,100.0,150.0,2
2025-07-06,IZURDIA,1,Front and Back,50.0,100.0,150.0,2
2025-07-07,DONIENE,1,Front and Back,50.0,100.0,150.0,2
2025-07-08,DONIENE,1,Front and Back,50.0,100.0,150.0,2
2025-07-08,LAYLA,1,Front and Back,50.0,100.0,150.0,2
2025-07-08,TXORI ARGI,1,One Side,50.0,50.0,100.0,1
2025-07-09,LAYLA,1,Front and Back,50.0,100.0,150.0,2
2025-07-09,DONIENE,1,Front and Back,50.0,100.0,150.0,2
2025-07-09,ATERPE ALAI,1,Front and Back,50.0,100.0,150.0,2
2025-07-10,ATERPE ALAI,1,Front and Back,50.0,100.0,150.0,2
2025-07-14,TXORI BERRI,1,Front and Back,50.0,100.0,150.0,2
2025-07-15,TXORI BERRI,1,Front and Back,50.0,100.0,150.0,2
2025-07-16,TXORI BERRI,1,Front and Back,50.0,100.0,150.0,2
2025-07-16,NOUR,1,Front and Back,50.0,100.0,150.0,2
2025-07-16,ALAKRANA,1,Front,50.0,50.0,100.0,1
2025-07-17,NOUR,1,Front and Back,50.0,100.0,150.0,2
2025-07-17,ALAKRANA,1,Front and Back,50.0,100.0,150.0,2
2025-07-18,JAI ALAI,1,Front,50.0,50.0,100.0,1
2025-07-18,TXORI TOKI,1,Front and Back,50.0,100.0,150.0,2
2025-07-18,ALAKRANA,1,Front and Back,50.0,100.0,150.0,2
2025-07-19,JAI ALAI,1,Front and Back,50.0,100.0,150.0,2
2025-07-19,TXORI TOKI,1,Front and Back,50.0,100.0,150.0,2
2025-07-19,ALAKRANA,1,Front and Back,50.0,100.0,150.0,2
2025-07-20,BERNICA,1,Back,50.0,50.0,100.0,1
2025-07-20,JAI ALAI,1,Front and Back,50.0,100.0,150.0,2
2025-07-20,ALAKRANA,1,Front and Back,50.0,100.0,150.0,2
2025-07-21,BERNICA,1,Front and Back,50.0,100.0,150.0,2
2025-07-21,JAI ALAI,1,Front and Back,50.0,100.0,150.0,2
2025-07-21,EUSKADI ALAI,1,Front,50.0,50.0,100.0,1
2025-07-22,BERNICA,1,Front,50.0,50.0,100.0,1
2025-07-22,JAI ALAI,1,Front and Back,50.0,100.0,150.0,2
2025-07-22,EUSKADI ALAI,1,Front and Back,50.0,100.0,150.0,2
2025-07-22,ELAI ALAI,1,Front and Back,50.0,100.0,150.0,2
2025-07-23,JAI ALAI,1,Front,50.0,50.0,100.0,1
2025-07-23,EUSKADI ALAI,1,Front and Back,50.0,100.0,150.0,2
2025-07-23,ELAI ALAI,1,Front and Back,50.0,100.0,150.0,2
2025-07-24,EUSKADI ALAI,1,Front and Back,50.0,100.0,150.0,2
2025-07-24,ELAI ALAI,1,Front and Back,50.0,100.0,150.0,2
2025-07-25,ELAI ALAI,1,Front and Back,50.0,100.0,150.0,2
2025-07-25,ALBACORA CUATRO,1,Back,50.0,50.0,100.0,1
2025-07-26,ELAI ALAI,1,Front and Back,50.0,100.0,150.0,2
2025-07-26,ALBACORA CUATRO,1,Back,50.0,50.0,100.0,1
2025-07-27,ELAI ALAI,1,Front and Back,50.0,100.0,150.0,2
2025-07-27,ALBACORA CUATRO,1,Back,50.0,50.0,100.0,1
2025-07-28,ALBACORA CUATRO,1,Back,50.0,50.0,100.0,1
2025-07-29,ALBACORA CUATRO,1,Back,50.0,50.0,100.0,1
2025-07-29,LAYLA,1,Front and Back,50.0,100.0,150.0,2
2025-07-30,LAYLA,1,Front and Back,50.0,100.0,150.0,2
2025-08-02,DRACO,1,Front and Back,50.0,100.0,150.0,2
2025-08-03,IZARO,1,Front and Back,50.0,100.0,150.0,2
2025-08-03,DRACO,1,Front and Back,50.0,100.0,150.0,2
2025-08-05,ATERPE ALAI,1,Front and Back,50.0,100.0,150.0,2
2025-08-08,DONIENE,1,Front and Back,50.0,100.0,150.0,2
2025-08-09,DONIENE,1,Front and Back,50.0,100.0,150.0,2
2025-08-10,DONIENE,1,Front and Middle,50.0,100.0,150.0,2
2025-08-11,FRANCHE TERRE,1,Front and Back,50.0,100.0,150.0,2
2025-08-12,FRANCHE TERRE,1,Front and Back,50.0,100.0,150.0,2
2025-08-13,FRANCHE TERRE,1,Front,50.0,50.0,100.0,1
2025-08-13,IZURDIA,1,Front and Back,50.0,100.0,150.0,2
2025-08-14,IZURDIA,1,Front and Back,50.0,100.0,150.0,2
2025-08-14,TXORI BERRI,1,Front and Back,50.0,100.0,150.0,2
2025-08-15,IZURDIA,1,Front and Back,50.0,100.0,150.0,2
2025-08-15,TXORI BERRI,1,Back,50.0,50.0,100.0,1
2025-08-16,TXORI BERRI,1,Front and Back,50.0,100.0,150.0,2
2025-08-17,TXORI GORRI,1,Front and Back,50.0,100.0,150.0,2
2025-08-18,TXORI GORRI,1,Front and Back,50.0,100.0,150.0,2
2025-08-18,ITSAS TXORI,1,Front and Back,50.0,100.0,150.0,2
2025-08-19,TXORI GORRI,1,Front and Back,50.0,100.0,150.0,2
2025-08-19,ITSAS TXORI,1,Front and Back,50.0,100.0,150.0,2
2025-08-19,AVEL VAD,1,Front and Back,50.0,100.0,150.0,2
2025-08-20,AVEL VAD,1,Front and Back,50.0,100.0,150.0,2
2025-08-20,TXORI AUNDI,1,Back,50.0,50.0,100.0,1
2025-08-20,ITSAS TXORI,1,Front and Back,50.0,100.0,150.0,2
2025-08-20,TXORI GORRI,1,Front and Back,50.0,100.0,150.0,2
2025-08-21,TXORI GORRI,1,Front and Back,50.0,100.0,150.0,2
2025-08-21,AVEL VAD,1,Front and Back,50.0,100.0,150.0,2
2025-08-21,ITSAS TXORI,1,Front and Back,50.0,100.0,150.0,2
2025-08-22,ALAKRANA,1,Front,50.0,50.0,100.0,1
2025-08-22,EUSKADI ALAI,1,Front and Back,50.0,100.0,150.0,2
2025-08-23,ALAKRANA,1,Front and Back,50.0,100.0,150.0,2
2025-08-23,EUSKADI ALAI,1,Front and Back,50.0,100.0,150.0,2
2025-08-24,ALAKRANA,1,Back,50.0,50.0,100.0,1
2025-08-24,EUSKADI ALAI,1,Front and Back,50.0,100.0,150.0,2
2025-08-24,JAI ALAI,1,Front and Back,50.0,100.0,150.0,2
2025-08-25,ELAI ALAI,1,Front and Back,50.0,100.0,150.0,2
2025-08-25,EUSKADI ALAI,1,Front and Back,50.0,100.0,150.0,2
2025-08-25,JAI ALAI,1,Front and Back,50.0,100.0,150.0,2
2025-08-26,ELAI ALAI,1,Front and Back,50.0,100.0,150.0,2
2025-08-26,JAI ALAI,1,Front and Back,50.0,100.0,150.0,2
2025-08-27,ELAI ALAI,1,Front and Back,50.0,100.0,150.0,2
2025-08-27,JAI ALAI,1,Front and Back,50.0,100.0,150.0,2
2025-08-28,ELAI ALAI,1,Front and Back,50.0,100.0,150.0,2
2025-08-28,IZARO,1,Front and Back,50.0,100.0,150.0,2
2025-08-28,JAI ALAI,1,Front and Back,50.0,100.0,150.0,2
2025-08-29,IZARO,1,Front and Back,50.0,100.0,150.0,2
2025-08-30,BERNICA,1,Front and Back,50.0,100.0,150.0,2
2025-08-30,IZARO,1,Front and Back,50.0,100.0,150.0,2
2025-08-31,BERNICA,1,Front and Back,50.0,100.0,150.0,2
2025-09-01,HAWWA,1,Front and Back,50.0,100.0,150.0,2
2025-09-01,BERNICA,1,Front and Back,50.0,100.0,150.0,2
2025-09-02,HAWWA,1,Front and Back,50.0,100.0,150.0,2
2025-09-02,BERNICA,1,Front and Back,50.0,100.0,150.0,2
2025-09-02,PACIFIC STAR,1,Front and Middle,50.0,100.0,150.0,2
2025-09-02,TXORI TOKI,1,One Side,50.0,50.0,100.0,1
2025-09-03,HAWWA,1,Back,50.0,50.0,100.0,1
2025-09-03,BERNICA,1,Front and Back,50.0,100.0,150.0,2
2025-09-03,PACIFIC STAR,1,Front and Back,50.0,100.0,150.0,2
2025-09-03,TXORI TOKI,1,One Side,50.0,50.0,100.0,1
2025-09-04,PACIFIC STAR,1,Front and Back,50.0,100.0,150.0,2
2025-09-04,ADAMAS,1,Front and Back,50.0,100.0,150.0,2
2025-09-05,PACIFIC STAR,1,Front and Back,50.0,100.0,150.0,2
2025-09-05,ADAMAS,1,Front and Back,50.0,100.0,150.0,2
2025-09-06,PACIFIC STAR,1,Front and Back,50.0,100.0,150.0,2
2025-09-06,ADAMAS,1,Front and Back,50.0,100.0,150.0,2
2025-09-07,PACIFIC STAR,1,Front and Back,50.0,100.0,150.0,2
2025-09-08,ACILA,1,Front and Back,50.0,100.0,150.0,2
2025-09-08,PACIFIC STAR,1,Front and Back,50.0,100.0,150.0,2
2025-09-09,PACIFIC STAR,1,Front and Back,50.0,100.0,150.0,2
2025-09-09,NOUR,1,Front and Back,50.0,100.0,150.0,2
2025-09-09,ALBACORA CUATRO,1,Back,50.0,50.0,100.0,1
2025-09-09,ACILA,1,Front and Back,50.0,100.0,150.0,2
2025-09-10,ACILA,1,Front and Back,50.0,100.0,150.0,2
2025-09-10,ALBACORA CUATRO,1,Back,50.0,50.0,100.0,1
2025-09-10,NOUR,1,Front and Back,50.0,100.0,150.0,2
2025-09-10,PACIFIC STAR,1,Front,50.0,50.0,100.0,1
2025-09-11,ACILA,1,Front and Back,50.0,100.0,150.0,2
2025-09-11,ALBACORA CUATRO,1,Back,50.0,50.0,100.0,1
2025-09-11,ATERPE ALAI,1,One Side,50.0,50.0,100.0,1
2025-09-12,ATERPE ALAI,1,Front and Back,50.0,100.0,150.0,2
2025-09-12,ALBACORA CUATRO,1,Back,50.0,50.0,100.0,1
2025-09-12,ACILA,1,Front and Back,50.0,100.0,150.0,2
2025-09-13,ATERPE ALAI,1,Front and Back,50.0,100.0,150.0,2
2025-09-13,ACILA,1,Front and Back,50.0,100.0,150.0,2
2025-09-13,IZURDIA,1,Front and Back,50.0,100.0,150.0,2
2025-09-13,GALERNA TRES,1,Front and Back,50.0,100.0,150.0,2
2025-09-14,ATERPE ALAI,1,Front and Back,50.0,100.0,150.0,2
2025-09-14,IZURDIA,1,Front and Back,50.0,100.0,150.0,2
2025-09-14,GALERNA TRES,1,Front and Back,50.0,100.0,150.0,2
2025-09-14,TXORI BERRI,1,Front and Back,50.0,100.0,150.0,2
2025-09-14,TXORI ARGI,1,One Side,50.0,50.0,100.0,1
2025-09-14,ITSAS TXORI,1,One Side,50.0,50.0,100.0,1
2025-09-15,GALERNA TRES,1,Front and Back,50.0,100.0,150.0,2
2025-09-15,ATERPE ALAI,1,Front and Back,50.0,100.0,150.0,2
2025-09-15,GALERNA LAU,1,Front and Back,50.0,100.0,150.0,2
2025-09-15,TXORI BERRI,1,Front and Back,50.0,100.0,150.0,2
2025-09-15,IZURDIA,1,"Front, Middle and Back",50.0,150.0,200.0,3
2025-09-15,TXORI ARGI,1,One Side,50.0,50.0,100.0,1
2025-09-15,ITSAS TXORI,1,One Side,50.0,50.0,100.0,1
2025-09-16,GALERNA LAU,1,Front and Back,50.0,100.0,150.0,2
2025-09-16,GALERNA TRES,1,Front and Back,50.0,100.0,150.0,2
2025-09-16,IZURDIA,1,"Front, Middle and Back",50.0,150.0,200.0,3
2025-09-16,TXORI BERRI,1,Front and Back,50.0,100.0,150.0,2
2025-09-16,TXORI ARGI,1,One Side,50.0,50.0,100.0,1
2025-09-16,ITSAS TXORI,1,One Side,50.0,50.0,100.0,1
2025-09-17,GALERNA TRES,1,Front and Back,50.0,100.0,150.0,2
2025-09-17,IZURDIA,1,"Front, Middle and Back",50.0,150.0,200.0,3
2025-09-17,GALERNA LAU,1,Front and Back,50.0,100.0,150.0,2
2025-09-17,TXORI BERRI,1,Front and Back,50.0,100.0,150.0,2
2025-09-17,TXORI ARGI,1,One Side,50.0,50.0,100.0,1
2025-09-17,ITSAS TXORI,1,One Side,50.0,50.0,100.0,1
2025-09-18,ALAKRANA,1,Front and Back,50.0,100.0,150.0,2
2025-09-18,TXORI BERRI,1,Front and Back,50.0,100.0,150.0,2
2025-09-18,GALERNA TRES,1,One Side,50.0,50.0,100.0,1
2025-09-18,IZURDIA,1,Front and Back,50.0,100.0,150.0,2
2025-09-18,DONIENE,1,Front and Back,50.0,100.0,150.0,2
2025-09-18,TXORI ZURI,1,One Side,50.0,50.0,100.0,1
2025-09-19,TXORI BERRI,1,Front and Back,50.0,100.0,150.0,2
2025-09-19,DONIENE,1,Front and Back,50.0,100.0,150.0,2
2025-09-19,ALAKRANA,1,Front and Back,50.0,100.0,150.0,2
2025-09-19,GALERNA DOS,1,Back,50.0,50.0,100.0,1
2025-09-19,TXORI ZURI,1,One Side,50.0,50.0,100.0,1
2025-09-19,TXORI AUNDI,1,One Side,50.0,50.0,100.0,1
2025-09-20,DONIENE,1,Front and Back,50.0,100.0,150.0,2
2025-09-20,ALAKRANA,1,Front and Back,50.0,100.0,150.0,2
2025-09-20,GALERNA DOS,1,Back,50.0,50.0,100.0,1
2025-09-20,JAI ALAI,1,Front and Back,50.0,100.0,150.0,2
2025-09-20,TXORI BERRI,1,Front and Back,50.0,100.0,150.0,2
2025-09-20,TXORI ZURI,1,One Side,50.0,50.0,100.0,1
2025-09-21,DONIENE,1,Front and Back,50.0,100.0,150.0,2
2025-09-21,ALAKRANA,1,Front and Back,50.0,100.0,150.0,2
2025-09-21,GALERNA DOS,1,Back,50.0,50.0,100.0,1
2025-09-21,JAI ALAI,1,Front and Back,50.0,100.0,150.0,2
2025-09-21,IZARO,1,Front and Back,50.0,100.0,150.0,2
2025-09-21,EUSKADI ALAI,1,Front and Back,50.0,100.0,150.0,2
2025-09-22,IZARO,1,Front and Back,50.0,100.0,150.0,2
2025-09-22,EUSKADI ALAI,1,Front and Back,50.0,100.0,150.0,2
2025-09-22,JAI ALAI,1,Front and Back,50.0,100.0,150.0,2
2025-09-22,GALERNA DOS,1,Front and Back,50.0,100.0,150.0,2
2025-09-22,DONIENE,1,Front and Back,50.0,100.0,150.0,2
2025-09-22,ALAKRANA,1,Back,50.0,50.0,100.0,1
2025-09-23,GALERNA DOS,1,Front and Back,50.0,100.0,150.0,2
2025-09-23,EUSKADI ALAI,1,Front and Back,50.0,100.0,150.0,2
2025-09-23,IZARO,1,Front and Back,50.0,100.0,150.0,2
2025-09-23,JAI ALAI,1,Front and Back,50.0,100.0,150.0,2
2025-09-23,DONIENE,1,Front and Back,50.0,100.0,150.0,2
2025-09-24,IZARO,1,Back,50.0,50.0,100.0,1
2025-09-24,EUSKADI ALAI,1,Front and Back,50.0,100.0,150.0,2
2025-09-24,GALERNA DOS,1,Front and Back,50.0,100.0,150.0,2
2025-09-24,JAI ALAI,1,Front and Back,50.0,100.0,150.0,2
2025-09-24,DONIENE,1,Front and Back,50.0,100.0,150.0,2
2025-09-25,GALERNA DOS,1,Front and Back,50.0,100.0,150.0,2
2025-09-25,EUSKADI ALAI,1,Front and Back,50.0,100.0,150.0,2
2025-09-25,JAI ALAI,1,Front and Back,50.0,100.0,150.0,2
2025-09-25,DONIENE,1,Front and Back,50.0,100.0,150.0,2
2025-09-26,JAI ALAI,1,Front and Back,50.0,100.0,150.0,2
2025-09-26,EUSKADI ALAI,1,Front and Back,50.0,100.0,150.0,2
2025-09-26,GALERNA DOS,1,Front and Back,50.0,100.0,150.0,2
2025-09-29,DOLOMIEU,1,Front and Back,50.0,100.0,150.0,2
2025-09-29,ALBACAN,1,Back,50.0,50.0,100.0,1
2025-09-29,ADAMAS,1,Front and Back,50.0,100.0,150.0,2
2025-09-30,DOLOMIEU,1,Front and Back,50.0,100.0,150.0,2
2025-09-30,ALBACAN,1,Back,50.0,50.0,100.0,1
2025-09-30,ADAMAS,1,Front and Back,50.0,100.0,150.0,2
2025-09-30,ELAI ALAI,1,Front and Back,50.0,100.0,150.0,2
2025-10-01,ALBACAN,1,Back,50.0,50.0,100.0,1
2025-10-01,ADAMAS,1,Front and Back,50.0,100.0,150.0,2
2025-10-01,ELAI ALAI,1,Front and Back,50.0,100.0,150.0,2
2025-10-02,ALBACAN,1,Back,50.0,50.0,100.0,1
2025-10-02,ADAMAS,1,Front and Back,50.0,100.0,150.0,2
2025-10-02,ELAI ALAI,1,Front,50.0,50.0,100.0,1
2025-10-02,FRANCHE TERRE,1,Front and Back,50.0,100.0,150.0,2
2025-10-03,ALBACAN,1,Back,50.0,50.0,100.0,1
2025-10-03,ADAMAS,1,Front and Back,50.0,100.0,150.0,2
2025-10-03,IZARO,1,Front and Back,50.0,100.0,150.0,2
2025-10-03,FRANCHE TERRE,1,Front and Back,50.0,100.0,150.0,2
2025-10-04,ADAMAS,1,Front and Back,50.0,100.0,150.0,2
2025-10-04,IZARO,1,Front and Back,50.0,100.0,150.0,2
2025-10-04,FRANCHE TERRE,1,Front and Back,50.0,100.0,150.0,2
2025-10-04,EGALABUR,1,Back,50.0,50.0,100.0,1
2025-10-05,ADAMAS,1,Front and Back,50.0,100.0,150.0,2
2025-10-05,IZARO,1,Front and Back,50.0,100.0,150.0,2
2025-10-05,EGALABUR,1,Back,50.0,50.0,100.0,1
2025-10-06,ADAMAS,1,Front and Back,50.0,100.0,150.0,2
2025-10-06,IZARO,1,Front and Back,50.0,100.0,150.0,2
2025-10-06,EGALABUR,1,Front and Back,50.0,100.0,150.0,2
2025-10-07,IZARO,1,Front and Back,50.0,100.0,150.0,2
2025-10-07,EGALABUR,1,Front and Back,50.0,100.0,150.0,2
2025-10-08,EGALABUR,1,Front and Back,50.0,100.0,150.0,2
2025-10-09,EGALABUR,1,Front and Back,50.0,100.0,150.0,2
2025-10-09,ATERPE ALAI,1,One Side,50.0,50.0,100.0,1
2025-10-10,ATERPE ALAI,1,Front and Back,50.0,100.0,150.0,2
2025-10-13,DOLOMIEU,1,Front and Back,50.0,100.0,150.0,2
2025-10-13,ATERPE ALAI,1,Front and Back,50.0,100.0,150.0,2
2025-10-13,JAI ALAI,1,Front and Back,50.0,100.0,150.0,2
2025-10-14,DOLOMIEU,1,Front and Back,50.0,100.0,150.0,2
2025-10-14,ATERPE ALAI,1,Front and Back,50.0,100.0,150.0,2
2025-10-14,JAI ALAI,1,Front and Back,50.0,100.0,150.0,2
2025-10-14,TXORI GORRI,1,Back,50.0,50.0,100.0,1
2025-10-15,TXORI ARGI,1,One Side,50.0,50.0,100.0,1
2025-10-15,DOLOMIEU,1,Front and Back,50.0,100.0,150.0,2
2025-10-15,ATERPE ALAI,1,Front and Back,50.0,100.0,150.0,2
2025-10-15,JAI ALAI,1,Front and Back,50.0,100.0,150.0,2
2025-10-15,TXORI GORRI,1,Back,50.0,50.0,100.0,1
2025-10-16,TXORI ARGI,1,One Side,50.0,50.0,100.0,1
2025-10-16,DOLOMIEU,1,Front and Back,50.0,100.0,150.0,2
2025-10-16,ATERPE ALAI,1,Front and Back,50.0,100.0,150.0,2
2025-10-16,JAI ALAI,1,Front and Back,50.0,100.0,150.0,2
2025-10-16,TXORI GORRI,1,Back,50.0,50.0,100.0,1
2025-10-17,TXORI ARGI,1,One Side,50.0,50.0,100.0,1
2025-10-17,DOLOMIEU,1,Front and Back,50.0,100.0,150.0,2
2025-10-17,ATERPE ALAI,1,Front and Back,50.0,100.0,150.0,2
2025-10-17,EUSKADI ALAI,1,Front and Back,50.0,100.0,150.0,2
2025-10-17,TXORI GORRI,1,Back,50.0,50.0,100.0,1
2025-10-18,EUSKADI ALAI,1,Front and Back,50.0,100.0,150.0,2
2025-10-18,TXORI GORRI,1,Front and Back,50.0,100.0,150.0,2
2025-10-19,EUSKADI ALAI,1,Front and Back,50.0,100.0,150.0,2
2025-10-19,TXORI GORRI,1,Front,50.0,50.0,100.0,1
2025-10-19,ALAKRANA,1,One Side,50.0,50.0,100.0,1
2025-10-20,EUSKADI ALAI,1,Front and Back,50.0,100.0,150.0,2
2025-10-20,ALAKRANA,1,Front and Back,50.0,100.0,150.0,2
2025-10-21,EUSKADI ALAI,1,Front and Back,50.0,100.0,150.0,2
2025-10-21,ALAKRANA,1,Front and Back,50.0,100.0,150.0,2
2025-10-21,FRANCHE TERRE,1,Front and Back,50.0,100.0,150.0,2
2025-10-21,TXORI BERRI,1,Back,50.0,50.0,100.0,1
2025-10-22,EUSKADI ALAI,1,Front and Back,50.0,100.0,150.0,2
2025-10-22,ALAKRANA,1,Front and Back,50.0,100.0,150.0,2
2025-10-22,FRANCHE TERRE,1,Front and Back,50.0,100.0,150.0,2
2025-10-22,TXORI BERRI,1,Back,50.0,50.0,100.0,1
2025-10-23,ALAKRANA,1,Front and Back,50.0,100.0,150.0,2
2025-10-23,FRANCHE TERRE,1,Front and Back,50.0,100.0,150.0,2
2025-10-23,IZURDIA,1,Front and Back,50.0,100.0,150.0,2
2025-10-23,ELAI ALAI,1,Front,50.0,50.0,100.0,1
2025-10-24,ALAKRANA,1,Front and Back,50.0,100.0,150.0,2
2025-10-24,FRANCHE TERRE,1,Front and Back,50.0,100.0,150.0,2
2025-10-24,IZURDIA,1,Front and Back,50.0,100.0,150.0,2
2025-10-25,ALAKRANA,1,Front and Back,50.0,100.0,150.0,2
2025-10-25,FRANCHE TERRE,1,Front and Back,50.0,100.0,150.0,2
2025-10-25,IZURDIA,1,Front and Back,50.0,100.0,150.0,2
2025-10-26,ALAKRANA,1,Front and Back,50.0,100.0,150.0,2
2025-10-26,FRANCHE TERRE,1,Front and Back,50.0,100.0,150.0,2
2025-10-27,ALAKRANA,1,Front and Back,50.0,100.0,150.0,2
2025-10-27,JAI ALAI,1,One Side,50.0,50.0,100.0,1
2025-10-28,JAI ALAI,1,Front and Back,50.0,100.0,150.0,2
2025-10-29,JAI ALAI,1,Front and Back,50.0,100.0,150.0,2
2025-10-29,ARTZA,1,Back,50.0,50.0,100.0,1
2025-10-30,JAI ALAI,1,Front and Back,50.0,100.0,150.0,2
2025-10-30,ARTZA,1,Back,50.0,50.0,100.0,1
2025-10-30,EGALABUR,1,Back,50.0,50.0,100.0,1
2025-10-31,JAI ALAI,1,Front and Back,50.0,100.0,150.0,2
2025-10-31,ADAMAS,1,Front and Back,50.0,100.0,150.0,2
2025-10-31,EGALABUR,1,Front and Back,50.0,100.0,150.0,2
2025-11-01,JAI ALAI,1,Front and Back,50.0,100.0,150.0,2
2025-11-01,EGALABUR,1,Back,50.0,50.0,100.0,1
2025-11-02,IZARO,1,One Side,50.0,50.0,100.0,1
2025-11-03,IZARO,1,Front and Back,50.0,100.0,150.0,2
2025-11-03,PLAYA DE RIS,1,Back,50.0,50.0,100.0,1
2025-11-04,PLAYA DE RIS,1,Back,50.0,50.0,100.0,1
2025-11-04,IZARO,1,Front and Back,50.0,100.0,150.0,2
2025-11-04,ADAMAS,1,Front and Back,50.0,100.0,150.0,2
2025-11-05,ADAMAS,1,Front and Back,50.0,100.0,150.0,2
2025-11-05,IZARO,1,Front and Back,50.0,100.0,150.0,2
2025-11-05,PLAYA DE RIS,1,Back,50.0,50.0,100.0,1
2025-11-06,ADAMAS,1,Front and Back,50.0,100.0,150.0,2
2025-11-06,DOLOMIEU,1,Front and Back,50.0,100.0,150.0,2
2025-11-06,IZARO,1,Front and Back,50.0,100.0,150.0,2
2025-11-06,PLAYA DE RIS,1,Back,50.0,50.0,100.0,1
2025-11-07,ADAMAS,1,Back,50.0,50.0,100.0,1
2025-11-07,DOLOMIEU,1,Front and Back,50.0,100.0,150.0,2
2025-11-07,IZARO,1,Front and Back,50.0,100.0,150.0,2
2025-11-07,PLAYA DE RIS,1,Back,50.0,50.0,100.0,1
2025-11-08,PLAYA DE RIS,1,Back,50.0,50.0,100.0,1
2025-11-08,EGALABUR,1,Back,50.0,50.0,100.0,1
2025-11-08,BERNICA,1,Back,50.0,50.0,100.0,1
2025-11-08,DOLOMIEU,1,Front and Back,50.0,100.0,150.0,2
2025-11-08,ATERPE ALAI,1,One Side,50.0,50.0,100.0,1
2025-11-09,ATERPE ALAI,1,Front and Back,50.0,100.0,150.0,2
2025-11-09,BERNICA,1,Back,50.0,50.0,100.0,1
2025-11-09,DOLOMIEU,1,Front and Back,50.0,100.0,150.0,2
2025-11-10,DOLOMIEU,1,Front and Back,50.0,100.0,150.0,2
2025-11-10,BERNICA,1,Front and Back,50.0,100.0,150.0,2
2025-11-10,ATERPE ALAI,1,Front and Back,50.0,100.0,150.0,2
2025-11-11,DOLOMIEU,1,Front and Back,50.0,100.0,150.0,2
2025-11-11,BERNICA,1,Front and Back,50.0,100.0,150.0,2
2025-11-11,ATERPE ALAI,1,Front and Back,50.0,100.0,150.0,2
2025-11-12,DOLOMIEU,1,Front,50.0,50.0,100.0,1
2025-11-12,BERNICA,1,Front and Back,50.0,100.0,150.0,2
2025-11-12,ATERPE ALAI,1,Front and Back,50.0,100.0,150.0,2
2025-11-13,BERNICA,1,Front and Back,50.0,100.0,150.0,2
2025-11-13,ATERPE ALAI,1,Front and Back,50.0,100.0,150.0,2
2025-11-14,BERNICA,1,Front and Back,50.0,100.0,150.0,2
2025-11-14,ATERPE ALAI,1,Front and Back,50.0,100.0,150.0,2
2025-11-14,PLAYA DE AZKORRI,1,Front,50.0,50.0,100.0,1
2025-11-14,ALAKRANA,1,One Side,50.0,50.0,100.0,1
2025-11-15,BERNICA,1,Front and Back,50.0,100.0,150.0,2
2025-11-15,PLAYA DE AZKORRI,1,Front,50.0,50.0,100.0,1
2025-11-15,ALAKRANA,1,Front and Back,50.0,100.0,150.0,2
2025-11-16,BERNICA,1,Front and Back,50.0,100.0,150.0,2
2025-11-16,PLAYA DE AZKORRI,1,Front and Back,50.0,100.0,150.0,2
2025-11-16,ALAKRANA,1,Front and Back,50.0,100.0,150.0,2
2025-11-17,ALAKRANA,1,Front and Back,50.0,100.0,150.0,2
2025-11-17,PLAYA DE AZKORRI,1,Front and Back,50.0,100.0,150.0,2
2025-11-18,PLAYA DE AZKORRI,1,Front and Back,50.0,100.0,150.0,2
2025-11-18,ALAKRANA,1,Front and Back,50.0,100.0,150.0,2
2025-11-19,PLAYA DE AZKORRI,1,Back,50.0,50.0,100.0,1
2025-11-19,ALAKRANA,1,Front and Back,50.0,100.0,150.0,2
2025-11-20,ITSAS TXORI,1,Front and Back,50.0,100.0,150.0,2
2025-11-20,ALAKRANA,1,Front and Back,50.0,100.0,150.0,2
2025-11-21,ITSAS TXORI,1,Front and Back,50.0,100.0,150.0,2
2025-11-21,ALAKRANA,1,Front and Back,50.0,100.0,150.0,2
2025-11-21,EUSKADI ALAI,1,Front and Back,50.0,100.0,150.0,2
2025-11-22,ITSAS TXORI,1,Front and Back,50.0,100.0,150.0,2
2025-11-22,EUSKADI ALAI,1,Front and Back,50.0,100.0,150.0,2
2025-11-22,INTERTUNA TRES,1,Back,50.0,50.0,100.0,1
2025-11-23,JAI ALAI,1,Back,50.0,50.0,100.0,1
2025-11-23,EUSKADI ALAI,1,Front and Back,50.0,100.0,150.0,2
2025-11-23,INTERTUNA TRES,1,Back,50.0,50.0,100.0,1
2025-11-23,CAP SAINTE MARIE,1,Front and Back,50.0,100.0,150.0,2
2025-11-24,JAI ALAI,1,Front and Back,50.0,100.0,150.0,2
2025-11-24,EUSKADI ALAI,1,Front and Back,50.0,100.0,150.0,2
2025-11-24,CAP SAINTE MARIE,1,Front and Back,50.0,100.0,150.0,2
2025-11-24,INTERTUNA TRES,1,Back,50.0,50.0,100.0,1
2025-11-25,EUSKADI ALAI,1,Front and Back,50.0,100.0,150.0,2
2025-11-25,JAI ALAI,1,Front and Back,50.0,100.0,150.0,2
2025-11-26,EUSKADI ALAI,1,Front and Back,50.0,100.0,150.0,2
2025-11-26,JAI ALAI,1,Front and Back,50.0,100.0,150.0,2
2025-11-26,PENDRUC,1,Front and Back,50.0,100.0,150.0,2
2025-11-27,JAI ALAI,1,Front and Back,50.0,100.0,150.0,2
2025-11-27,PENDRUC,1,Front and Back,50.0,100.0,150.0,2
2025-11-28,JAI ALAI,1,Front and Back,50.0,100.0,150.0,2
2025-11-28,PENDRUC,1,Front and Back,50.0,100.0,150.0,2
2025-11-28,IZARO,1,Front and Back,50.0,100.0,150.0,2
2025-11-29,IZARO,1,Front and Back,50.0,100.0,150.0,2
2025-11-29,PENDRUC,1,Front and Back,50.0,100.0,150.0,2
2025-11-30,IZARO,1,Front and Back,50.0,100.0,150.0,2
2025-11-30,PENDRUC,1,Front and Back,50.0,100.0,150.0,2
2025-12-01,IZARO,1,Front and Back,50.0,100.0,150.0,2
2025-12-01,PLAYA DE AZKORRI,1,Back,50.0,50.0,100.0,1
2025-12-02,IZARO,1,Front and Back,50.0,100.0,150.0,2
2025-12-02,PLAYA DE AZKORRI,1,Front and Back,50.0,100.0,150.0,2
2025-12-02,TXORI BERRI,1,One Side,50.0,50.0,100.0,1
2025-12-03,EGALABUR,1,Front and Back,50.0,100.0,150.0,2
2025-12-04,EGALABUR,1,Front and Back,50.0,100.0,150.0,2
2025-12-04,HAWWA,1,Front and Back,50.0,100.0,150.0,2
2025-12-05,HAWWA,1,Front and Back,50.0,100.0,150.0,2
2025-12-05,ATERPE ALAI,1,Front and Back,50.0,100.0,150.0,2
2025-12-06,BERNICA,1,Front and Back,50.0,100.0,150.0,2
2025-12-06,HAWWA,1,Back,50.0,50.0,100.0,1
2025-12-06,ATERPE ALAI,1,Front and Back,50.0,100.0,150.0,2
2025-12-07,BERNICA,1,Front and Back,50.0,100.0,150.0,2
2025-12-07,ATERPE ALAI,1,Front and Back,50.0,100.0,150.0,2
2025-12-08,BERNICA,1,Front and Back,50.0,100.0,150.0,2
2025-12-08,ATERPE ALAI,1,Front and Back,50.0,100.0,150.0,2
2025-12-09,BERNICA,1,Front and Back,50.0,100.0,150.0,2
2025-12-09,ATERPE ALAI,1,Front and Back,50.0,100.0,150.0,2
2025-12-10,BERNICA,1,Front and Back,50.0,100.0,150.0,2
2025-12-11,BERNICA,1,Front and Back,50.0,100.0,150.0,2
2025-12-11,ARTZA,1,Front and Back,50.0,100.0,150.0,2
2025-12-12,BERNICA,1,Front and Back,50.0,100.0,150.0,2
2025-12-12,ARTZA,1,Front and Back,50.0,100.0,150.0,2
2025-12-12,ELAI ALAI,1,Front and Back,50.0,100.0,150.0,2
2025-12-13,BERNICA,1,Back,50.0,50.0,100.0,1
2025-12-13,ARTZA,1,Front and Back,50.0,100.0,150.0,2
2025-12-13,ELAI ALAI,1,Front and Back,50.0,100.0,150.0,2
2025-12-14,ARTZA,1,Front and Back,50.0,100.0,150.0,2
2025-12-14,ELAI ALAI,1,Front and Back,50.0,100.0,150.0,2
2025-12-15,ARTZA,1,Front and Back,50.0,100.0,150.0,2
2025-12-15,ELAI ALAI,1,Front and Back,50.0,100.0,150.0,2
2025-12-16,ARTZA,1,Front and Back,50.0,100.0,150.0,2
2025-12-16,EUSKADI ALAI,1,Front and Back,50.0,100.0,150.0,2
2025-12-16,ALAKRANA,1,One Side,50.0,50.0,100.0,1
2025-12-17,ARTZA,1,Front and Back,50.0,100.0,150.0,2
2025-12-17,EUSKADI ALAI,1,Front and Back,50.0,100.0,150.0,2
2025-12-17,TXORI BERRI,1,Front and Back,50.0,100.0,150.0,2
2025-12-18,ARTZA,1,Back,50.0,50.0,100.0,1
2025-12-18,EUSKADI ALAI,1,Front and Back,50.0,100.0,150.0,2
2025-12-18,ITSAS TXORI,1,Front and Back,50.0,100.0,150.0,2
2025-12-19,TXORI BERRI,1,Front and Back,50.0,100.0,150.0,2
2025-12-20,TXORI BERRI,1,Front and Back,50.0,100.0,150.0,2
2025-12-22,ALAKRANA,1,Front and Back,50.0,100.0,150.0,2
2025-12-22,FRANCHE TERRE,1,Front and Back,50.0,100.0,150.0,2
2025-12-22,TORRE ITALIA,1,Back,50.0,50.0,100.0,1
2025-12-23,ALAKRANA,1,Front and Back,50.0,100.0,150.0,2
2025-12-23,FRANCHE TERRE,1,Front and Back,50.0,100.0,150.0,2
2025-12-23,TORRE ITALIA,1,Back,50.0,50.0,100.0,1
2025-12-24,ALAKRANA,1,Front and Back,50.0,100.0,150.0,2
2025-12-24,TORRE ITALIA,1,Back,50.0,50.0,100.0,1
2025-12-26,ALAKRANA,1,Front and Back,50.0,100.0,150.0,2
2025-12-26,TORRE ITALIA,1,Back,50.0,50.0,100.0,1
2025-12-26,PLAYA DE AZKORRI,1,Front and Back,50.0,100.0,150.0,2
2025-12-26,JAI ALAI,1,Front and Back,50.0,100.0,150.0,2
2025-12-27,ALAKRANA,1,Front and Back,50.0,100.0,150.0,2
2025-12-27,EUSKADI ALAI,1,Front and Back,50.0,100.0,150.0,2
2025-12-27,PLAYA DE AZKORRI,1,Front and Back,50.0,100.0,150.0,2
2025-12-27,JAI ALAI,1,Front and Back,50.0,100.0,150.0,2
2025-12-28,ALAKRANA,1,Front and Back,50.0,100.0,150.0,2
2025-12-28,EUSKADI ALAI,1,Front and Back,50.0,100.0,150.0,2
2025-12-28,PLAYA DE AZKORRI,1,Front and Back,50.0,100.0,150.0,2
2025-12-28,EGALABUR,1,Front and Back,50.0,100.0,150.0,2
2025-12-28,DOLOMIEU,1,Front,50.0,50.0,100.0,1
2025-12-29,ALAKRANA,1,Front and Back,50.0,100.0,150.0,2
2025-12-29,EUSKADI ALAI,1,Front and Back,50.0,100.0,150.0,2
2025-12-29,PLAYA DE AZKORRI,1,Front and Back,50.0,100.0,150.0,2
2025-12-29,EGALABUR,1,Front and Back,50.0,100.0,150.0,2
2025-12-29,DOLOMIEU,1,Front,50.0,50.0,100.0,1
2025-12-30,ALAKRANA,1,Front and Back,50.0,100.0,150.0,2
2025-12-30,PLAYA DE AZKORRI,1,Front and Back,50.0,100.0,150.0,2
2025-12-30,EUSKADI ALAI,1,Front and Back,50.0,100.0,150.0,2
2025-12-30,EGALABUR,1,Front and Back,50.0,100.0,150.0,2
2025-12-31,PLAYA DE AZKORRI,1,Front,50.0,50.0,100.0,1
2025-12-31,EUSKADI ALAI,1,Front and Back,50.0,100.0,150.0,2
2025-12-31,EGALABUR,1,Front and Back,50.0,100.0,150.0,2
