day,date,customer,vessel,total_tonnage,overtime_tonnage,Price,CCCS_incoming_fee,operation_type,total_price
Thu,2025-02-06,DARDANEL,GALERNA LAU,206.887,30.354,7.5,3.5,IPHS Truck to CCCS,2442.7040000000006
Fri,2025-02-07,DARDANEL,GALERNA LAU,174.806,29.278,7.5,3.5,IPHS Truck to CCCS,2083.8950000000004
Sat,2025-02-08,DARDANEL,GALERNA LAU,127.002,0.0,7.5,3.5,IPHS Truck to CCCS,1397.022
Sun,2025-02-09,DARDANEL,GALERNA LAU,62.454,0.0,7.5,3.5,IPHS Truck to CCCS,1030.491
Sun,2025-03-16,DARDANEL,PACIFIC STAR,261.26,0.0,7.5,3.5,IPHS Truck to CCCS,4310.79
Mon,2025-03-17,DARDANEL,PACIFIC STAR,96.174,0.0,7.5,3.5,IPHS Truck to CCCS,1057.9140000000002
PH,2025-04-19,DARDANEL,PACIFIC STAR,83.894,0.0,7.5,3.5,IPHS Truck to CCCS,1384.2510000000002
Sun,2025-04-20,DARDANEL,PACIFIC STAR,85.669,0.0,7.5,3.5,IPHS Truck to CCCS,1413.5384999999999
PH,2025-04-21,DARDANEL,PACIFIC STAR,166.434,0.0,7.5,3.5,IPHS Truck to CCCS,2746.1609999999996
Tue,2025-04-22,DARDANEL,PACIFIC STAR,113.064,0.0,7.5,3.5,IPHS Truck to CCCS,1243.704
Wed,2025-04-23,DARDANEL,PACIFIC STAR,282.134,0.0,7.5,3.5,IPHS Truck to CCCS,3103.474
Thu,2025-04-24,DARDANEL,PACIFIC STAR,270.039,0.0,7.5,3.5,IPHS Truck to CCCS,2970.429
Fri,2025-04-25,DARDANEL,PACIFIC STAR,140.24,6.518,7.5,3.5,IPHS Truck to CCCS,1578.489
Tue,2025-09-02,DARDANEL,PACIFIC STAR,128.788,0.0,7.5,3.5,IPHS Truck to CCCS,1416.6680000000001
Wed,2025-09-03,DARDANEL,PACIFIC STAR,198.502,0.0,7.5,3.5,IPHS Truck to CCCS,2183.522
Thu,2025-09-04,DARDANEL,PACIFIC STAR,214.243,0.0,7.5,3.5,IPHS Truck to CCCS,2356.673
Fri,2025-09-05,DARDANEL,PACIFIC STAR,263.243,0.0,7.5,3.5,IPHS Truck to CCCS,2895.673
Sat,2025-09-06,DARDANEL,PACIFIC STAR,244.48,0.0,7.5,3.5,IPHS Truck to CCCS,2689.2799999999997
Tue,2025-09-23,DARDANEL,GALERNA DOS,44.982,8.46,7.5,3.5,IPHS Truck to CCCS,541.332
Wed,2025-09-24,DARDANEL,GALERNA DOS,51.456,0.0,7.5,3.5,IPHS Truck to CCCS,566.0160000000001
Thu,2025-09-25,DARDANEL,GALERNA DOS,64.782,8.759,7.5,3.5,IPHS Truck to CCCS,760.7764999999999
Fri,2025-09-26,DARDANEL,GALERNA DOS,89.62,0.0,7.5,3.5,IPHS Truck to CCCS,985.8200000000002
Sun,2025-11-16,IOT,PLAYA DE AZKORRI,179.842,0.0,7.5,3.5,IPHS Truck to CCCS,2967.393
Mon,2025-11-17,IOT,PLAYA DE AZKORRI,136.017,0.0,7.5,3.5,IPHS Truck to CCCS,1496.187
Tue,2025-11-18,IOT,PLAYA DE AZKORRI,66.833,0.0,7.5,3.5,IPHS Truck to CCCS,735.163
Wed,2025-11-19,IOT,PLAYA DE AZKORRI,84.795,2.22,7.5,3.5,IPHS Truck to CCCS,944.955
Fri,2025-11-21,IOT,EUSKADI ALAI,4.874,0.0,7.5,3.5,IPHS Truck to CCCS,53.614
Sat,2025-11-22,IOT,EUSKADI ALAI,50.597,0.0,7.5,3.5,IPHS Truck to CCCS,556.567
Sun,2025-11-23,IOT,JAI ALAI,48.906,0.0,7.5,3.5,IPHS Truck to CCCS,806.949
Sun,2025-11-23,IOT,EUSKADI ALAI,52.35,0.0,7.5,3.5,IPHS Truck to CCCS,863.775
Mon,2025-11-24,IOT,EUSKADI ALAI,68.976,0.0,7.5,3.5,IPHS Truck to CCCS,758.7359999999999
Tue,2025-11-25,IOT,EUSKADI ALAI,88.797,0.0,7.5,3.5,IPHS Truck to CCCS,976.7669999999999
Wed,2025-11-26,IOT,JAI ALAI,39.098,0.0,7.5,3.5,IPHS Truck to CCCS,430.078
Wed,2025-11-26,IOT,EUSKADI ALAI,38.82,0.0,7.5,3.5,IPHS Truck to CCCS,427.02
Thu,2025-11-27,IOT,JAI ALAI,56.446,0.0,7.5,3.5,IPHS Truck to CCCS,620.906
Thu,2025-11-27,IOT,PENDRUC,43.758,0.0,7.5,3.5,IPHS Truck to CCCS,481.338
Fri,2025-11-28,IOT,JAI ALAI,27.157,0.0,7.5,3.5,IPHS Truck to CCCS,298.727
Fri,2025-11-28,IOT,PENDRUC,86.99,0.0,7.5,3.5,IPHS Truck to CCCS,956.8899999999999
Sat,2025-11-29,IOT,PENDRUC,167.948,0.0,7.5,3.5,IPHS Truck to CCCS,1847.428
Sun,2025-11-30,IOT,PENDRUC,95.59,36.672,7.5,3.5,IPHS Truck to CCCS,1778.931
Sun,2025-11-30,IOT,IZARO,29.052,0.0,7.5,3.5,IPHS Truck to CCCS,479.35799999999995
Mon,2025-12-01,IOT,IZARO,71.654,0.0,7.5,3.5,IPHS Truck to CCCS,788.194
Tue,2025-12-02,IOT,IZARO,39.613,0.0,7.5,3.5,IPHS Truck to CCCS,435.74299999999994
Sat,2025-12-06,IOT,BERNICA,50.644,13.496,7.5,3.5,IPHS Truck to CCCS,631.3119999999999
Sun,2025-12-07,IOT,BERNICA,88.584,19.456,7.5,3.5,IPHS Truck to CCCS,1568.644
PH,2025-12-08,IOT,BERNICA,84.068,17.45,7.5,3.5,IPHS Truck to CCCS,1483.097
Tue,2025-12-09,IOT,BERNICA,72.581,14.918,7.5,3.5,IPHS Truck to CCCS,880.4399999999999
Wed,2025-12-10,IOT,BERNICA,73.474,25.754,7.5,3.5,IPHS Truck to CCCS,949.8609999999999
Thu,2025-12-11,IOT,BERNICA,103.948,21.99,7.5,3.5,IPHS Truck to CCCS,1264.373
Fri,2025-12-12,IOT,BERNICA,108.841,12.786,7.5,3.5,IPHS Truck to CCCS,1267.5739999999998
Sat,2025-12-13,IOT,BERNICA,12.139,0.0,7.5,3.5,IPHS Truck to CCCS,133.529
Tue,2025-12-16,IOT,EUSKADI ALAI,109.021,0.0,7.5,3.5,IPHS Truck to CCCS,1199.231
Wed,2025-12-17,IOT,EUSKADI ALAI,62.243,0.0,7.5,3.5,IPHS Truck to CCCS,684.673
Thu,2025-12-18,IOT,EUSKADI ALAI,69.36,0.0,7.5,3.5,IPHS Truck to CCCS,762.96
Fri,2025-12-26,IOT,PLAYA DE AZKORRI,219.589,0.0,7.5,3.5,IPHS Truck to CCCS,2415.4790000000003
Sat,2025-12-27,IOT,PLAYA DE AZKORRI,222.313,0.0,7.5,3.5,IPHS Truck to CCCS,2445.4429999999998
Sun,2025-12-28,IOT,PLAYA DE AZKORRI,197.269,0.0,7.5,3.5,IPHS Truck to CCCS,3254.9385
Mon,2025-12-29,IOT,PLAYA DE AZKORRI,197.297,0.0,7.5,3.5,IPHS Truck to CCCS,2170.267
Tue,2025-12-30,IOT,PLAYA DE AZKORRI,192.683,41.331,7.5,3.5,IPHS Truck to CCCS,2346.8334999999997
Wed,2025-12-31,IOT,PLAYA DE AZKORRI,50.154,0.0,7.5,3.5,IPHS Truck to CCCS,551.6940000000001
Mon,2026-01-05,IOT,BERNICA,129.166,0.0,7.5,3.5,IPHS Truck to CCCS,1420.826
Tue,2026-01-06,IOT,BERNICA,147.987,0.0,7.5,3.5,IPHS Truck to CCCS,1627.857
Wed,2026-01-07,IOT,BERNICA,108.731,0.0,7.5,3.5,IPHS Truck to CCCS,1196.041
Thu,2026-01-08,IOT,BERNICA,45.98,0.0,7.5,3.5,IPHS Truck to CCCS,505.78
Mon,2026-01-12,IOT,VARIOUS,129.098,0.0,7.5,3.5,IPHS Truck to CCCS,1420.0780000000002
Mon,2026-01-19,IOT,VARIOUS,83.393,0.0,7.5,3.5,IPHS Truck to CCCS,917.323
